dataset,participant,group,task,order,truth,ai,initial,final,ai_correct,initial_correct,final_correct,accept_ai,override,switch,opportunity_correct_ai,opportunity_wrong_ai,appropriate_reliance,justified_override,unjustified_override,automation_failure
loan,participant-278,analogy,LP002534,1,accept,accept,accept,accept,1,1,1,1,0,0,0,0,1,0,0,0
loan,participant-278,analogy,LP002181,2,reject,accept,accept,accept,0,0,0,1,0,0,0,0,0,0,0,1
loan,participant-278,analogy,LP001806,3,accept,accept,reject,accept,1,0,1,1,0,1,1,0,1,0,0,0
loan,participant-278,analogy,LP002142,4,reject,accept,reject,accept,0,1,0,1,0,1,0,1,0,0,0,1
loan,participant-278,analogy,LP002068,5,accept,accept,accept,accept,1,1,1,1,0,0,0,0,1,0,0,0
loan,participant-278,analogy,LP001882,6,accept,accept,accept,accept,1,1,1,1,0,0,0,0,1,0,0,0
loan,participant-278,analogy,LP001451,7,reject,reject,accept,accept,1,0,0,0,1,0,1,0,0,0,1,0
loan,participant-278,analogy,LP001030,8,accept,accept,accept,accept,1,1,1,1,0,0,0,0,1,0,0,0
loan,participant-278,analogy,LP002840,9,reject,accept,accept,accept,0,0,0,1,0,0,0,0,0,0,0,1
loan,participant-278,analogy,LP001849,10,reject,reject,accept,accept,1,0,0,0,1,0,1,0,0,0,1,0
loan,participant-160,analogy,LP001030,1,accept,accept,reject,accept,1,0,1,1,0,1,1,0,1,0,0,0
loan,participant-160,analogy,LP002840,2,reject,accept,accept,accept,0,0,0,1,0,0,0,0,0,0,0,1
loan,participant-160,analogy,LP002181,3,reject,accept,accept,accept,0,0,0,1,0,0,0,0,0,0,0,1
loan,participant-160,analogy,LP001882,4,accept,accept,reject,reject,1,0,0,0,1,0,1,0,0,0,1,0
loan,participant-160,analogy,LP002068,5,accept,accept,accept,accept,1,1,1,1,0,0,0,0,1,0,0,0
loan,participant-160,analogy,LP001806,6,accept,accept,accept,accept,1,1,1,1,0,0,0,0,1,0,0,0
loan,participant-160,analogy,LP002142,7,reject,reject,accept,accept,1,0,0,0,1,0,1,0,0,0,1,0
loan,participant-160,analogy,LP002534,8,accept,accept,reject,accept,1,0,1,1,0,1,1,0,1,0,0,0
loan,participant-160,analogy,LP001849,9,reject,reject,accept,reject,1,0,1,1,0,1,1,0,1,0,0,0
loan,participant-160,analogy,LP001451,10,reject,accept,accept,accept,0,0,0,1,0,0,0,0,0,0,0,1
loan,participant-276,analogy,LP001030,1,accept,accept,accept,accept,1,1,1,1,0,0,0,0,1,0,0,0
loan,participant-276,analogy,LP001806,2,accept,reject,accept,reject,0,1,0,1,0,1,0,1,0,0,0,1
loan,participant-276,analogy,LP002142,3,reject,accept,reject,reject,0,1,1,0,1,0,0,1,1,1,0,0
loan,participant-276,analogy,LP002181,4,reject,reject,accept,reject,1,0,1,1,0,1,1,0,1,0,0,0
loan,participant-276,analogy,LP002840,5,reject,reject,accept,accept,1,0,0,0,1,0,1,0,0,0,1,0
loan,participant-276,analogy,LP001849,6,reject,reject,reject,reject,1,1,1,1,0,0,0,0,1,0,0,0
loan,participant-276,analogy,LP002068,7,accept,accept,reject,reject,1,0,0,0,1,0,1,0,0,0,1,0
loan,participant-276,analogy,LP002534,8,accept,accept,reject,reject,1,0,0,0,1,0,1,0,0,0,1,0
loan,participant-276,analogy,LP001882,9,accept,accept,reject,reject,1,0,0,0,1,0,1,0,0,0,1,0
loan,participant-276,analogy,LP001451,10,reject,accept,accept,accept,0,0,0,1,0,0,0,0,0,0,0,1
loan,participant-102,analogy,LP001451,1,reject,reject,accept,accept,1,0,0,0,1,0,1,0,0,0,1,0
loan,participant-102,analogy,LP001030,2,accept,accept,accept,accept,1,1,1,1,0,0,0,0,1,0,0,0
loan,participant-102,analogy,LP002068,3,accept,accept,accept,accept,1,1,1,1,0,0,0,0,1,0,0,0
loan,participant-102,analogy,LP001882,4,accept,accept,accept,accept,1,1,1,1,0,0,0,0,1,0,0,0
loan,participant-102,analogy,LP001806,5,accept,reject,reject,reject,0,0,0,1,0,0,0,0,0,0,0,1
loan,participant-102,analogy,LP002534,6,accept,reject,accept,accept,0,1,1,0,1,0,0,1,1,1,0,0
loan,participant-102,analogy,LP001849,7,reject,reject,accept,accept,1,0,0,0,1,0,1,0,0,0,1,0
loan,participant-102,analogy,LP002840,8,reject,reject,accept,accept,1,0,0,0,1,0,1,0,0,0,1,0
loan,participant-102,analogy,LP002181,9,reject,accept,accept,accept,0,0,0,1,0,0,0,0,0,0,0,1
loan,participant-102,analogy,LP002142,10,reject,reject,accept,accept,1,0,0,0,1,0,1,0,0,0,1,0
loan,participant-40,analogy,LP002840,1,reject,reject,accept,accept,1,0,0,0,1,0,1,0,0,0,1,0
loan,participant-40,analogy,LP001451,2,reject,accept,accept,accept,0,0,0,1,0,0,0,0,0,0,0,1
loan,participant-40,analogy,LP001806,3,accept,accept,reject,reject,1,0,0,0,1,0,1,0,0,0,1,0
loan,participant-40,analogy,LP002534,4,accept,accept,reject,reject,1,0,0,0,1,0,1,0,0,0,1,0
loan,participant-40,analogy,LP001030,5,accept,accept,accept,accept,1,1,1,1,0,0,0,0,1,0,0,0
loan,participant-40,analogy,LP002068,6,accept,reject,reject,reject,0,0,0,1,0,0,0,0,0,0,0,1
loan,participant-40,analogy,LP001849,7,reject,reject,reject,reject,1,1,1,1,0,0,0,0,1,0,0,0
loan,participant-40,analogy,LP001882,8,accept,accept,reject,reject,1,0,0,0,1,0,1,0,0,0,1,0
loan,participant-40,analogy,LP002142,9,reject,reject,accept,accept,1,0,0,0,1,0,1,0,0,0,1,0
loan,participant-40,analogy,LP002181,10,reject,accept,reject,reject,0,1,1,0,1,0,0,1,1,1,0,0
loan,participant-153,analogy,LP001451,1,reject,accept,reject,accept,0,1,0,1,0,1,0,1,0,0,0,1
loan,participant-153,analogy,LP002840,2,reject,reject,accept,accept,1,0,0,0,1,0,1,0,0,0,1,0
loan,participant-153,analogy,LP002068,3,accept,accept,accept,accept,1,1,1,1,0,0,0,0,1,0,0,0
loan,participant-153,analogy,LP001849,4,reject,reject,reject,reject,1,1,1,1,0,0,0,0,1,0,0,0
loan,participant-153,analogy,LP002142,5,reject,reject,reject,reject,1,1,1,1,0,0,0,0,1,0,0,0
loan,participant-153,analogy,LP002534,6,accept,accept,reject,accept,1,0,1,1,0,1,1,0,1,0,0,0
loan,participant-153,analogy,LP001882,7,accept,accept,reject,accept,1,0,1,1,0,1,1,0,1,0,0,0
loan,participant-153,analogy,LP001030,8,accept,reject,accept,accept,0,1,1,0,1,0,0,1,1,1,0,0
loan,participant-153,analogy,LP002181,9,reject,reject,accept,accept,1,0,0,0,1,0,1,0,0,0,1,0
loan,participant-153,analogy,LP001806,10,accept,reject,reject,reject,0,0,0,1,0,0,0,0,0,0,0,1
loan,participant-8,analogy,LP002181,1,reject,reject,accept,reject,1,0,1,1,0,1,1,0,1,0,0,0
loan,participant-8,analogy,LP002534,2,accept,accept,reject,reject,1,0,0,0,1,0,1,0,0,0,1,0
loan,participant-8,analogy,LP002840,3,reject,reject,accept,accept,1,0,0,0,1,0,1,0,0,0,1,0
loan,participant-8,analogy,LP001849,4,reject,reject,reject,reject,1,1,1,1,0,0,0,0,1,0,0,0
loan,participant-8,analogy,LP001451,5,reject,accept,accept,accept,0,0,0,1,0,0,0,0,0,0,0,1
loan,participant-8,analogy,LP001030,6,accept,accept,accept,accept,1,1,1,1,0,0,0,0,1,0,0,0
loan,participant-8,analogy,LP001806,7,accept,accept,reject,reject,1,0,0,0,1,0,1,0,0,0,1,0
loan,participant-8,analogy,LP001882,8,accept,reject,reject,reject,0,0,0,1,0,0,0,0,0,0,0,1
loan,participant-8,analogy,LP002068,9,accept,reject,reject,reject,0,0,0,1,0,0,0,0,0,0,0,1
loan,participant-8,analogy,LP002142,10,reject,reject,reject,reject,1,1,1,1,0,0,0,0,1,0,0,0
loan,participant-152,accuracy,LP002142,1,reject,reject,reject,reject,1,1,1,1,0,0,0,0,1,0,0,0
loan,participant-152,accuracy,LP001849,2,reject,reject,reject,reject,1,1,1,1,0,0,0,0,1,0,0,0
loan,participant-152,accuracy,LP001806,3,accept,accept,reject,reject,1,0,0,0,1,0,1,0,0,0,1,0
loan,participant-152,accuracy,LP002068,4,accept,reject,reject,reject,0,0,0,1,0,0,0,0,0,0,0,1
loan,participant-152,accuracy,LP002181,5,reject,accept,reject,accept,0,1,0,1,0,1,0,1,0,0,0,1
loan,participant-152,accuracy,LP001030,6,accept,accept,accept,accept,1,1,1,1,0,0,0,0,1,0,0,0
loan,participant-152,accuracy,LP002534,7,accept,accept,reject,reject,1,0,0,0,1,0,1,0,0,0,1,0
loan,participant-152,accuracy,LP001451,8,reject,accept,accept,accept,0,0,0,1,0,0,0,0,0,0,0,1
loan,participant-152,accuracy,LP002840,9,reject,reject,accept,accept,1,0,0,0,1,0,1,0,0,0,1,0
loan,participant-152,accuracy,LP001882,10,accept,accept,reject,reject,1,0,0,0,1,0,1,0,0,0,1,0
loan,participant-141,system,LP001030,1,accept,reject,accept,reject,0,1,0,1,0,1,0,1,0,0,0,1
loan,participant-141,system,LP001806,2,accept,reject,reject,reject,0,0,0,1,0,0,0,0,0,0,0,1
loan,participant-141,system,LP002068,3,accept,accept,accept,accept,1,1,1,1,0,0,0,0,1,0,0,0
loan,participant-141,system,LP001849,4,reject,reject,reject,reject,1,1,1,1,0,0,0,0,1,0,0,0
loan,participant-141,system,LP001451,5,reject,reject,reject,reject,1,1,1,1,0,0,0,0,1,0,0,0
loan,participant-141,system,LP002534,6,accept,accept,reject,accept,1,0,1,1,0,1,1,0,1,0,0,0
loan,participant-141,system,LP002181,7,reject,reject,accept,accept,1,0,0,0,1,0,1,0,0,0,1,0
loan,participant-141,system,LP002142,8,reject,reject,reject,reject,1,1,1,1,0,0,0,0,1,0,0,0
loan,participant-141,system,LP002840,9,reject,reject,accept,accept,1,0,0,0,1,0,1,0,0,0,1,0
loan,participant-141,system,LP001882,10,accept,reject,accept,reject,0,1,0,1,0,1,0,1,0,0,0,1
loan,participant-217,system,LP002840,1,reject,accept,accept,accept,0,0,0,1,0,0,0,0,0,0,0,1
loan,participant-217,system,LP002068,2,accept,accept,reject,reject,1,0,0,0,1,0,1,0,0,0,1,0
loan,participant-217,system,LP001882,3,accept,accept,accept,accept,1,1,1,1,0,0,0,0,1,0,0,0
loan,participant-217,system,LP002181,4,reject,reject,accept,accept,1,0,0,0,1,0,1,0,0,0,1,0
loan,participant-217,system,LP002534,5,accept,accept,reject,reject,1,0,0,0,1,0,1,0,0,0,1,0
loan,participant-217,system,LP001451,6,reject,accept,accept,accept,0,0,0,1,0,0,0,0,0,0,0,1
loan,participant-217,system,LP001030,7,accept,accept,reject,accept,1,0,1,1,0,1,1,0,1,0,0,0
loan,participant-217,system,LP002142,8,reject,accept,accept,accept,0,0,0,1,0,0,0,0,0,0,0,1
loan,participant-217,system,LP001806,9,accept,accept,reject,accept,1,0,1,1,0,1,1,0,1,0,0,0
loan,participant-217,system,LP001849,10,reject,reject,accept,reject,1,0,1,1,0,1,1,0,1,0,0,0
loan,participant-11,accuracy,LP001882,1,accept,accept,accept,accept,1,1,1,1,0,0,0,0,1,0,0,0
loan,participant-11,accuracy,LP001451,2,reject,accept,accept,accept,0,0,0,1,0,0,0,0,0,0,0,1
loan,participant-11,accuracy,LP002068,3,accept,accept,reject,accept,1,0,1,1,0,1,1,0,1,0,0,0
loan,participant-11,accuracy,LP001849,4,reject,reject,reject,reject,1,1,1,1,0,0,0,0,1,0,0,0
loan,participant-11,accuracy,LP001030,5,accept,reject,accept,reject,0,1,0,1,0,1,0,1,0,0,0,1
loan,participant-11,accuracy,LP002142,6,reject,reject,reject,reject,1,1,1,1,0,0,0,0,1,0,0,0
loan,participant-11,accuracy,LP002840,7,reject,reject,accept,accept,1,0,0,0,1,0,1,0,0,0,1,0
loan,participant-11,accuracy,LP002181,8,reject,reject,reject,reject,1,1,1,1,0,0,0,0,1,0,0,0
loan,participant-11,accuracy,LP002534,9,accept,reject,reject,reject,0,0,0,1,0,0,0,0,0,0,0,1
loan,participant-11,accuracy,LP001806,10,accept,accept,reject,accept,1,0,1,1,0,1,1,0,1,0,0,0
loan,participant-280,analogy,LP001030,1,accept,reject,accept,accept,0,1,1,0,1,0,0,1,1,1,0,0
loan,participant-280,analogy,LP001806,2,accept,reject,reject,reject,0,0,0,1,0,0,0,0,0,0,0,1
loan,participant-280,analogy,LP002840,3,reject,reject,accept,accept,1,0,0,0,1,0,1,0,0,0,1,0
loan,participant-280,analogy,LP002181,4,reject,reject,accept,accept,1,0,0,0,1,0,1,0,0,0,1,0
loan,participant-280,analogy,LP002068,5,accept,reject,reject,reject,0,0,0,1,0,0,0,0,0,0,0,1
loan,participant-280,analogy,LP002142,6,reject,reject,accept,reject,1,0,1,1,0,1,1,0,1,0,0,0
loan,participant-280,analogy,LP001882,7,accept,accept,reject,accept,1,0,1,1,0,1,1,0,1,0,0,0
loan,participant-280,analogy,LP001451,8,reject,reject,accept,accept,1,0,0,0,1,0,1,0,0,0,1,0
loan,participant-280,analogy,LP001849,9,reject,reject,accept,accept,1,0,0,0,1,0,1,0,0,0,1,0
loan,participant-280,analogy,LP002534,10,accept,accept,reject,reject,1,0,0,0,1,0,1,0,0,0,1,0
loan,participant-200,system,LP002068,1,accept,accept,accept,accept,1,1,1,1,0,0,0,0,1,0,0,0
loan,participant-200,system,LP001806,2,accept,accept,accept,accept,1,1,1,1,0,0,0,0,1,0,0,0
loan,participant-200,system,LP001030,3,accept,reject,reject,reject,0,0,0,1,0,0,0,0,0,0,0,1
loan,participant-200,system,LP002142,4,reject,accept,accept,accept,0,0,0,1,0,0,0,0,0,0,0,1
loan,participant-200,system,LP001451,5,reject,reject,accept,reject,1,0,1,1,0,1,1,0,1,0,0,0
loan,participant-200,system,LP002534,6,accept,accept,reject,accept,1,0,1,1,0,1,1,0,1,0,0,0
loan,participant-200,system,LP002840,7,reject,reject,accept,accept,1,0,0,0,1,0,1,0,0,0,1,0
loan,participant-200,system,LP001882,8,accept,accept,reject,reject,1,0,0,0,1,0,1,0,0,0,1,0
loan,participant-200,system,LP002181,9,reject,reject,accept,accept,1,0,0,0,1,0,1,0,0,0,1,0
loan,participant-200,system,LP001849,10,reject,accept,accept,accept,0,0,0,1,0,0,0,0,0,0,0,1
loan,participant-264,analogy,LP002840,1,reject,reject,accept,accept,1,0,0,0,1,0,1,0,0,0,1,0
loan,participant-264,analogy,LP002181,2,reject,reject,reject,reject,1,1,1,1,0,0,0,0,1,0,0,0
loan,participant-264,analogy,LP001806,3,accept,accept,accept,accept,1,1,1,1,0,0,0,0,1,0,0,0
loan,participant-264,analogy,LP002068,4,accept,reject,reject,reject,0,0,0,1,0,0,0,0,0,0,0,1
loan,participant-264,analogy,LP001849,5,reject,accept,reject,reject,0,1,1,0,1,0,0,1,1,1,0,0
loan,participant-264,analogy,LP001030,6,accept,accept,accept,accept,1,1,1,1,0,0,0,0,1,0,0,0
loan,participant-264,analogy,LP002142,7,reject,reject,reject,reject,1,1,1,1,0,0,0,0,1,0,0,0
loan,participant-264,analogy,LP001882,8,accept,accept,accept,reject,1,1,0,0,1,1,0,0,0,0,1,0
loan,participant-264,analogy,LP002534,9,accept,accept,reject,accept,1,0,1,1,0,1,1,0,1,0,0,0
loan,participant-264,analogy,LP001451,10,reject,accept,accept,reject,0,0,1,0,1,1,0,0,1,1,0,0
loan,participant-226,accuracy,LP001030,1,accept,accept,accept,accept,1,1,1,1,0,0,0,0,1,0,0,0
loan,participant-226,accuracy,LP001849,2,reject,reject,reject,reject,1,1,1,1,0,0,0,0,1,0,0,0
loan,participant-226,accuracy,LP001451,3,reject,reject,accept,accept,1,0,0,0,1,0,1,0,0,0,1,0
loan,participant-226,accuracy,LP002181,4,reject,accept,accept,accept,0,0,0,1,0,0,0,0,0,0,0,1
loan,participant-226,accuracy,LP001882,5,accept,accept,reject,reject,1,0,0,0,1,0,1,0,0,0,1,0
loan,participant-226,accuracy,LP001806,6,accept,accept,accept,accept,1,1,1,1,0,0,0,0,1,0,0,0
loan,participant-226,accuracy,LP002840,7,reject,reject,accept,accept,1,0,0,0,1,0,1,0,0,0,1,0
loan,participant-226,accuracy,LP002068,8,accept,reject,reject,reject,0,0,0,1,0,0,0,0,0,0,0,1
loan,participant-226,accuracy,LP002534,9,accept,accept,reject,reject,1,0,0,0,1,0,1,0,0,0,1,0
loan,participant-226,accuracy,LP002142,10,reject,accept,accept,accept,0,0,0,1,0,0,0,0,0,0,0,1
loan,participant-148,accuracy,LP002181,1,reject,reject,accept,accept,1,0,0,0,1,0,1,0,0,0,1,0
loan,participant-148,accuracy,LP002840,2,reject,reject,accept,accept,1,0,0,0,1,0,1,0,0,0,1,0
loan,participant-148,accuracy,LP001882,3,accept,accept,reject,reject,1,0,0,0,1,0,1,0,0,0,1,0
loan,participant-148,accuracy,LP001451,4,reject,reject,reject,reject,1,1,1,1,0,0,0,0,1,0,0,0
loan,participant-148,accuracy,LP002142,5,reject,reject,reject,reject,1,1,1,1,0,0,0,0,1,0,0,0
loan,participant-148,accuracy,LP002068,6,accept,accept,reject,reject,1,0,0,0,1,0,1,0,0,0,1,0
loan,participant-148,accuracy,LP002534,7,accept,accept,accept,accept,1,1,1,1,0,0,0,0,1,0,0,0
loan,participant-148,accuracy,LP001849,8,reject,accept,reject,reject,0,1,1,0,1,0,0,1,1,1,0,0
loan,participant-148,accuracy,LP001030,9,accept,reject,accept,accept,0,1,1,0,1,0,0,1,1,1,0,0
loan,participant-148,accuracy,LP001806,10,accept,reject,reject,reject,0,0,0,1,0,0,0,0,0,0,0,1
loan,participant-272,analogy,LP001806,1,accept,accept,reject,reject,1,0,0,0,1,0,1,0,0,0,1,0
loan,participant-272,analogy,LP002534,2,accept,accept,accept,accept,1,1,1,1,0,0,0,0,1,0,0,0
loan,participant-272,analogy,LP001030,3,accept,reject,accept,reject,0,1,0,1,0,1,0,1,0,0,0,1
loan,participant-272,analogy,LP001451,4,reject,accept,accept,accept,0,0,0,1,0,0,0,0,0,0,0,1
loan,participant-272,analogy,LP001882,5,accept,accept,reject,accept,1,0,1,1,0,1,1,0,1,0,0,0
loan,participant-272,analogy,LP002068,6,accept,accept,reject,reject,1,0,0,0,1,0,1,0,0,0,1,0
loan,participant-272,analogy,LP001849,7,reject,reject,accept,accept,1,0,0,0,1,0,1,0,0,0,1,0
loan,participant-272,analogy,LP002181,8,reject,reject,accept,accept,1,0,0,0,1,0,1,0,0,0,1,0
loan,participant-272,analogy,LP002142,9,reject,reject,reject,reject,1,1,1,1,0,0,0,0,1,0,0,0
loan,participant-272,analogy,LP002840,10,reject,accept,accept,accept,0,0,0,1,0,0,0,0,0,0,0,1
loan,participant-95,analogy,LP002181,1,reject,reject,accept,reject,1,0,1,1,0,1,1,0,1,0,0,0
loan,participant-95,analogy,LP001849,2,reject,reject,reject,reject,1,1,1,1,0,0,0,0,1,0,0,0
loan,participant-95,analogy,LP002068,3,accept,reject,reject,reject,0,0,0,1,0,0,0,0,0,0,0,1
loan,participant-95,analogy,LP002840,4,reject,accept,reject,reject,0,1,1,0,1,0,0,1,1,1,0,0
loan,participant-95,analogy,LP002142,5,reject,accept,reject,reject,0,1,1,0,1,0,0,1,1,1,0,0
loan,participant-95,analogy,LP001882,6,accept,accept,accept,accept,1,1,1,1,0,0,0,0,1,0,0,0
loan,participant-95,analogy,LP002534,7,accept,accept,reject,reject,1,0,0,0,1,0,1,0,0,0,1,0
loan,participant-95,analogy,LP001451,8,reject,reject,reject,reject,1,1,1,1,0,0,0,0,1,0,0,0
loan,participant-95,analogy,LP001806,9,accept,accept,reject,accept,1,0,1,1,0,1,1,0,1,0,0,0
loan,participant-95,analogy,LP001030,10,accept,accept,accept,accept,1,1,1,1,0,0,0,0,1,0,0,0
loan,participant-22,system,LP001849,1,reject,accept,reject,reject,0,1,1,0,1,0,0,1,1,1,0,0
loan,participant-22,system,LP002840,2,reject,accept,accept,accept,0,0,0,1,0,0,0,0,0,0,0,1
loan,participant-22,system,LP002181,3,reject,reject,reject,reject,1,1,1,1,0,0,0,0,1,0,0,0
loan,participant-22,system,LP001882,4,accept,accept,reject,reject,1,0,0,0,1,0,1,0,0,0,1,0
loan,participant-22,system,LP002068,5,accept,accept,reject,reject,1,0,0,0,1,0,1,0,0,0,1,0
loan,participant-22,system,LP001030,6,accept,reject,accept,accept,0,1,1,0,1,0,0,1,1,1,0,0
loan,participant-22,system,LP002534,7,accept,accept,accept,accept,1,1,1,1,0,0,0,0,1,0,0,0
loan,participant-22,system,LP001451,8,reject,reject,accept,accept,1,0,0,0,1,0,1,0,0,0,1,0
loan,participant-22,system,LP002142,9,reject,reject,accept,reject,1,0,1,1,0,1,1,0,1,0,0,0
loan,participant-22,system,LP001806,10,accept,accept,accept,reject,1,1,0,0,1,1,0,0,0,0,1,0
loan,participant-119,system,LP002068,1,accept,reject,reject,reject,0,0,0,1,0,0,0,0,0,0,0,1
loan,participant-119,system,LP002142,2,reject,reject,reject,reject,1,1,1,1,0,0,0,0,1,0,0,0
loan,participant-119,system,LP001030,3,accept,accept,accept,accept,1,1,1,1,0,0,0,0,1,0,0,0
loan,participant-119,system,LP001882,4,accept,accept,reject,reject,1,0,0,0,1,0,1,0,0,0,1,0
loan,participant-119,system,LP002840,5,reject,reject,accept,accept,1,0,0,0,1,0,1,0,0,0,1,0
loan,participant-119,system,LP001806,6,accept,reject,accept,reject,0,1,0,1,0,1,0,1,0,0,0,1
loan,participant-119,system,LP001451,7,reject,reject,accept,accept,1,0,0,0,1,0,1,0,0,0,1,0
loan,participant-119,system,LP002534,8,accept,reject,accept,accept,0,1,1,0,1,0,0,1,1,1,0,0
loan,participant-119,system,LP001849,9,reject,reject,reject,reject,1,1,1,1,0,0,0,0,1,0,0,0
loan,participant-119,system,LP002181,10,reject,reject,accept,accept,1,0,0,0,1,0,1,0,0,0,1,0
loan,participant-158,accuracy,LP002534,1,accept,accept,reject,accept,1,0,1,1,0,1,1,0,1,0,0,0
loan,participant-158,accuracy,LP002181,2,reject,accept,accept,accept,0,0,0,1,0,0,0,0,0,0,0,1
loan,participant-158,accuracy,LP002068,3,accept,accept,reject,accept,1,0,1,1,0,1,1,0,1,0,0,0
loan,participant-158,accuracy,LP001849,4,reject,reject,accept,reject,1,0,1,1,0,1,1,0,1,0,0,0
loan,participant-158,accuracy,LP001451,5,reject,reject,accept,accept,1,0,0,0,1,0,1,0,0,0,1,0
loan,participant-158,accuracy,LP001882,6,accept,accept,accept,accept,1,1,1,1,0,0,0,0,1,0,0,0
loan,participant-158,accuracy,LP001030,7,accept,accept,accept,accept,1,1,1,1,0,0,0,0,1,0,0,0
loan,participant-158,accuracy,LP002142,8,reject,accept,reject,reject,0,1,1,0,1,0,0,1,1,1,0,0
loan,participant-158,accuracy,LP001806,9,accept,reject,reject,reject,0,0,0,1,0,0,0,0,0,0,0,1
loan,participant-158,accuracy,LP002840,10,reject,reject,accept,accept,1,0,0,0,1,0,1,0,0,0,1,0
loan,participant-104,accuracy,LP001882,1,accept,accept,reject,reject,1,0,0,0,1,0,1,0,0,0,1,0
loan,participant-104,accuracy,LP002142,2,reject,reject,accept,accept,1,0,0,0,1,0,1,0,0,0,1,0
loan,participant-104,accuracy,LP001451,3,reject,accept,accept,accept,0,0,0,1,0,0,0,0,0,0,0,1
loan,participant-104,accuracy,LP002181,4,reject,reject,accept,accept,1,0,0,0,1,0,1,0,0,0,1,0
loan,participant-104,accuracy,LP001849,5,reject,reject,reject,reject,1,1,1,1,0,0,0,0,1,0,0,0
loan,participant-104,accuracy,LP002840,6,reject,reject,accept,accept,1,0,0,0,1,0,1,0,0,0,1,0
loan,participant-104,accuracy,LP002534,7,accept,accept,reject,reject,1,0,0,0,1,0,1,0,0,0,1,0
loan,participant-104,accuracy,LP002068,8,accept,accept,reject,accept,1,0,1,1,0,1,1,0,1,0,0,0
loan,participant-104,accuracy,LP001030,9,accept,reject,accept,accept,0,1,1,0,1,0,0,1,1,1,0,0
loan,participant-104,accuracy,LP001806,10,accept,reject,reject,reject,0,0,0,1,0,0,0,0,0,0,0,1
loan,participant-34,analogy,LP002142,1,reject,reject,accept,reject,1,0,1,1,0,1,1,0,1,0,0,0
loan,participant-34,analogy,LP001849,2,reject,reject,reject,reject,1,1,1,1,0,0,0,0,1,0,0,0
loan,participant-34,analogy,LP002181,3,reject,accept,accept,accept,0,0,0,1,0,0,0,0,0,0,0,1
loan,participant-34,analogy,LP002068,4,accept,accept,reject,accept,1,0,1,1,0,1,1,0,1,0,0,0
loan,participant-34,analogy,LP001030,5,accept,reject,accept,reject,0,1,0,1,0,1,0,1,0,0,0,1
loan,participant-34,analogy,LP002840,6,reject,accept,accept,accept,0,0,0,1,0,0,0,0,0,0,0,1
loan,participant-34,analogy,LP001806,7,accept,accept,accept,accept,1,1,1,1,0,0,0,0,1,0,0,0
loan,participant-34,analogy,LP001451,8,reject,reject,accept,accept,1,0,0,0,1,0,1,0,0,0,1,0
loan,participant-34,analogy,LP001882,9,accept,accept,reject,accept,1,0,1,1,0,1,1,0,1,0,0,0
loan,participant-34,analogy,LP002534,10,accept,accept,reject,accept,1,0,1,1,0,1,1,0,1,0,0,0
loan,participant-108,system,LP001849,1,reject,reject,reject,reject,1,1,1,1,0,0,0,0,1,0,0,0
loan,participant-108,system,LP001030,2,accept,accept,accept,accept,1,1,1,1,0,0,0,0,1,0,0,0
loan,participant-108,system,LP002142,3,reject,reject,reject,reject,1,1,1,1,0,0,0,0,1,0,0,0
loan,participant-108,system,LP002068,4,accept,reject,reject,reject,0,0,0,1,0,0,0,0,0,0,0,1
loan,participant-108,system,LP002840,5,reject,reject,accept,reject,1,0,1,1,0,1,1,0,1,0,0,0
loan,participant-108,system,LP001451,6,reject,reject,reject,reject,1,1,1,1,0,0,0,0,1,0,0,0
loan,participant-108,system,LP001806,7,accept,accept,reject,accept,1,0,1,1,0,1,1,0,1,0,0,0
loan,participant-108,system,LP002534,8,accept,reject,reject,reject,0,0,0,1,0,0,0,0,0,0,0,1
loan,participant-108,system,LP001882,9,accept,accept,reject,accept,1,0,1,1,0,1,1,0,1,0,0,0
loan,participant-108,system,LP002181,10,reject,accept,reject,reject,0,1,1,0,1,0,0,1,1,1,0,0
loan,participant-210,accuracy,LP002181,1,reject,reject,accept,accept,1,0,0,0,1,0,1,0,0,0,1,0
loan,participant-210,accuracy,LP001451,2,reject,reject,reject,reject,1,1,1,1,0,0,0,0,1,0,0,0
loan,participant-210,accuracy,LP002142,3,reject,reject,reject,reject,1,1,1,1,0,0,0,0,1,0,0,0
loan,participant-210,accuracy,LP002534,4,accept,reject,reject,reject,0,0,0,1,0,0,0,0,0,0,0,1
loan,participant-210,accuracy,LP002068,5,accept,accept,reject,reject,1,0,0,0,1,0,1,0,0,0,1,0
loan,participant-210,accuracy,LP001882,6,accept,reject,reject,reject,0,0,0,1,0,0,0,0,0,0,0,1
loan,participant-210,accuracy,LP001806,7,accept,accept,accept,accept,1,1,1,1,0,0,0,0,1,0,0,0
loan,participant-210,accuracy,LP001030,8,accept,reject,accept,accept,0,1,1,0,1,0,0,1,1,1,0,0
loan,participant-210,accuracy,LP002840,9,reject,reject,accept,accept,1,0,0,0,1,0,1,0,0,0,1,0
loan,participant-210,accuracy,LP001849,10,reject,reject,reject,reject,1,1,1,1,0,0,0,0,1,0,0,0
loan,participant-207,analogy,LP002534,1,accept,reject,accept,reject,0,1,0,1,0,1,0,1,0,0,0,1
loan,participant-207,analogy,LP001030,2,accept,accept,accept,accept,1,1,1,1,0,0,0,0,1,0,0,0
loan,participant-207,analogy,LP002840,3,reject,reject,accept,accept,1,0,0,0,1,0,1,0,0,0,1,0
loan,participant-207,analogy,LP001806,4,accept,reject,reject,reject,0,0,0,1,0,0,0,0,0,0,0,1
loan,participant-207,analogy,LP002142,5,reject,reject,reject,reject,1,1,1,1,0,0,0,0,1,0,0,0
loan,participant-207,analogy,LP002068,6,accept,accept,reject,accept,1,0,1,1,0,1,1,0,1,0,0,0
loan,participant-207,analogy,LP002181,7,reject,reject,accept,reject,1,0,1,1,0,1,1,0,1,0,0,0
loan,participant-207,analogy,LP001882,8,accept,accept,accept,accept,1,1,1,1,0,0,0,0,1,0,0,0
loan,participant-207,analogy,LP001451,9,reject,accept,accept,accept,0,0,0,1,0,0,0,0,0,0,0,1
loan,participant-207,analogy,LP001849,10,reject,reject,reject,reject,1,1,1,1,0,0,0,0,1,0,0,0
loan,participant-263,system,LP002534,1,accept,accept,accept,accept,1,1,1,1,0,0,0,0,1,0,0,0
loan,participant-263,system,LP001882,2,accept,accept,accept,accept,1,1,1,1,0,0,0,0,1,0,0,0
loan,participant-263,system,LP002840,3,reject,reject,accept,accept,1,0,0,0,1,0,1,0,0,0,1,0
loan,participant-263,system,LP002068,4,accept,reject,reject,reject,0,0,0,1,0,0,0,0,0,0,0,1
loan,participant-263,system,LP001030,5,accept,accept,accept,accept,1,1,1,1,0,0,0,0,1,0,0,0
loan,participant-263,system,LP002181,6,reject,accept,reject,accept,0,1,0,1,0,1,0,1,0,0,0,1
loan,participant-263,system,LP001806,7,accept,accept,reject,accept,1,0,1,1,0,1,1,0,1,0,0,0
loan,participant-263,system,LP001451,8,reject,reject,accept,reject,1,0,1,1,0,1,1,0,1,0,0,0
loan,participant-263,system,LP001849,9,reject,reject,accept,reject,1,0,1,1,0,1,1,0,1,0,0,0
loan,participant-263,system,LP002142,10,reject,accept,accept,accept,0,0,0,1,0,0,0,0,0,0,0,1
loan,participant-128,analogy,LP002840,1,reject,accept,accept,accept,0,0,0,1,0,0,0,0,0,0,0,1
loan,participant-128,analogy,LP002068,2,accept,accept,reject,accept,1,0,1,1,0,1,1,0,1,0,0,0
loan,participant-128,analogy,LP002181,3,reject,reject,reject,reject,1,1,1,1,0,0,0,0,1,0,0,0
loan,participant-128,analogy,LP002534,4,accept,reject,reject,reject,0,0,0,1,0,0,0,0,0,0,0,1
loan,participant-128,analogy,LP001806,5,accept,accept,reject,reject,1,0,0,0,1,0,1,0,0,0,1,0
loan,participant-128,analogy,LP001882,6,accept,reject,reject,reject,0,0,0,1,0,0,0,0,0,0,0,1
loan,participant-128,analogy,LP001030,7,accept,accept,accept,accept,1,1,1,1,0,0,0,0,1,0,0,0
loan,participant-128,analogy,LP002142,8,reject,reject,reject,reject,1,1,1,1,0,0,0,0,1,0,0,0
loan,participant-128,analogy,LP001451,9,reject,reject,accept,accept,1,0,0,0,1,0,1,0,0,0,1,0
loan,participant-128,analogy,LP001849,10,reject,reject,reject,reject,1,1,1,1,0,0,0,0,1,0,0,0
loan,participant-113,accuracy,LP001849,1,reject,reject,reject,reject,1,1,1,1,0,0,0,0,1,0,0,0
loan,participant-113,accuracy,LP002181,2,reject,reject,accept,accept,1,0,0,0,1,0,1,0,0,0,1,0
loan,participant-113,accuracy,LP002534,3,accept,reject,accept,accept,0,1,1,0,1,0,0,1,1,1,0,0
loan,participant-113,accuracy,LP002142,4,reject,accept,reject,reject,0,1,1,0,1,0,0,1,1,1,0,0
loan,participant-113,accuracy,LP001451,5,reject,accept,accept,accept,0,0,0,1,0,0,0,0,0,0,0,1
loan,participant-113,accuracy,LP002068,6,accept,accept,reject,reject,1,0,0,0,1,0,1,0,0,0,1,0
loan,participant-113,accuracy,LP002840,7,reject,reject,accept,accept,1,0,0,0,1,0,1,0,0,0,1,0
loan,participant-113,accuracy,LP001030,8,accept,accept,accept,accept,1,1,1,1,0,0,0,0,1,0,0,0
loan,participant-113,accuracy,LP001806,9,accept,accept,reject,reject,1,0,0,0,1,0,1,0,0,0,1,0
loan,participant-113,accuracy,LP001882,10,accept,accept,reject,reject,1,0,0,0,1,0,1,0,0,0,1,0
loan,participant-93,accuracy,LP001849,1,reject,reject,reject,reject,1,1,1,1,0,0,0,0,1,0,0,0
loan,participant-93,accuracy,LP002840,2,reject,reject,accept,accept,1,0,0,0,1,0,1,0,0,0,1,0
loan,participant-93,accuracy,LP001451,3,reject,reject,accept,reject,1,0,1,1,0,1,1,0,1,0,0,0
loan,participant-93,accuracy,LP001030,4,accept,accept,accept,accept,1,1,1,1,0,0,0,0,1,0,0,0
loan,participant-93,accuracy,LP002142,5,reject,reject,reject,reject,1,1,1,1,0,0,0,0,1,0,0,0
loan,participant-93,accuracy,LP002534,6,accept,accept,accept,accept,1,1,1,1,0,0,0,0,1,0,0,0
loan,participant-93,accuracy,LP002181,7,reject,accept,accept,accept,0,0,0,1,0,0,0,0,0,0,0,1
loan,participant-93,accuracy,LP001882,8,accept,accept,reject,accept,1,0,1,1,0,1,1,0,1,0,0,0
loan,participant-93,accuracy,LP002068,9,accept,reject,reject,reject,0,0,0,1,0,0,0,0,0,0,0,1
loan,participant-93,accuracy,LP001806,10,accept,reject,accept,accept,0,1,1,0,1,0,0,1,1,1,0,0
loan,participant-212,analogy,LP001030,1,accept,accept,accept,accept,1,1,1,1,0,0,0,0,1,0,0,0
loan,participant-212,analogy,LP002142,2,reject,accept,reject,reject,0,1,1,0,1,0,0,1,1,1,0,0
loan,participant-212,analogy,LP001882,3,accept,reject,reject,reject,0,0,0,1,0,0,0,0,0,0,0,1
loan,participant-212,analogy,LP001849,4,reject,reject,reject,reject,1,1,1,1,0,0,0,0,1,0,0,0
loan,participant-212,analogy,LP002534,5,accept,accept,reject,reject,1,0,0,0,1,0,1,0,0,0,1,0
loan,participant-212,analogy,LP002840,6,reject,reject,accept,accept,1,0,0,0,1,0,1,0,0,0,1,0
loan,participant-212,analogy,LP001806,7,accept,accept,accept,accept,1,1,1,1,0,0,0,0,1,0,0,0
loan,participant-212,analogy,LP002181,8,reject,reject,accept,accept,1,0,0,0,1,0,1,0,0,0,1,0
loan,participant-212,analogy,LP002068,9,accept,accept,reject,reject,1,0,0,0,1,0,1,0,0,0,1,0
loan,participant-212,analogy,LP001451,10,reject,accept,accept,accept,0,0,0,1,0,0,0,0,0,0,0,1
loan,participant-1,system,LP002534,1,accept,reject,accept,accept,0,1,1,0,1,0,0,1,1,1,0,0
loan,participant-1,system,LP002068,2,accept,reject,reject,reject,0,0,0,1,0,0,0,0,0,0,0,1
loan,participant-1,system,LP001849,3,reject,reject,accept,accept,1,0,0,0,1,0,1,0,0,0,1,0
loan,participant-1,system,LP002181,4,reject,reject,accept,accept,1,0,0,0,1,0,1,0,0,0,1,0
loan,participant-1,system,LP002840,5,reject,accept,accept,accept,0,0,0,1,0,0,0,0,0,0,0,1
loan,participant-1,system,LP001030,6,accept,accept,accept,accept,1,1,1,1,0,0,0,0,1,0,0,0
loan,participant-1,system,LP001806,7,accept,accept,reject,accept,1,0,1,1,0,1,1,0,1,0,0,0
loan,participant-1,system,LP002142,8,reject,reject,accept,accept,1,0,0,0,1,0,1,0,0,0,1,0
loan,participant-1,system,LP001451,9,reject,reject,accept,accept,1,0,0,0,1,0,1,0,0,0,1,0
loan,participant-1,system,LP001882,10,accept,accept,reject,reject,1,0,0,0,1,0,1,0,0,0,1,0
loan,participant-25,accuracy,LP001030,1,accept,reject,accept,accept,0,1,1,0,1,0,0,1,1,1,0,0
loan,participant-25,accuracy,LP001806,2,accept,accept,reject,accept,1,0,1,1,0,1,1,0,1,0,0,0
loan,participant-25,accuracy,LP002534,3,accept,reject,reject,reject,0,0,0,1,0,0,0,0,0,0,0,1
loan,participant-25,accuracy,LP001849,4,reject,reject,reject,reject,1,1,1,1,0,0,0,0,1,0,0,0
loan,participant-25,accuracy,LP002181,5,reject,reject,accept,accept,1,0,0,0,1,0,1,0,0,0,1,0
loan,participant-25,accuracy,LP001451,6,reject,reject,accept,accept,1,0,0,0,1,0,1,0,0,0,1,0
loan,participant-25,accuracy,LP001882,7,accept,accept,reject,accept,1,0,1,1,0,1,1,0,1,0,0,0
loan,participant-25,accuracy,LP002142,8,reject,reject,accept,accept,1,0,0,0,1,0,1,0,0,0,1,0
loan,participant-25,accuracy,LP002840,9,reject,accept,accept,accept,0,0,0,1,0,0,0,0,0,0,0,1
loan,participant-25,accuracy,LP002068,10,accept,accept,reject,reject,1,0,0,0,1,0,1,0,0,0,1,0
loan,participant-27,system,LP002142,1,reject,accept,reject,reject,0,1,1,0,1,0,0,1,1,1,0,0
loan,participant-27,system,LP001806,2,accept,reject,accept,accept,0,1,1,0,1,0,0,1,1,1,0,0
loan,participant-27,system,LP002840,3,reject,reject,accept,reject,1,0,1,1,0,1,1,0,1,0,0,0
loan,participant-27,system,LP002534,4,accept,accept,accept,accept,1,1,1,1,0,0,0,0,1,0,0,0
loan,participant-27,system,LP001849,5,reject,reject,reject,reject,1,1,1,1,0,0,0,0,1,0,0,0
loan,participant-27,system,LP002068,6,accept,accept,reject,accept,1,0,1,1,0,1,1,0,1,0,0,0
loan,participant-27,system,LP002181,7,reject,reject,accept,reject,1,0,1,1,0,1,1,0,1,0,0,0
loan,participant-27,system,LP001030,8,accept,accept,accept,accept,1,1,1,1,0,0,0,0,1,0,0,0
loan,participant-27,system,LP001451,9,reject,accept,accept,accept,0,0,0,1,0,0,0,0,0,0,0,1
loan,participant-27,system,LP001882,10,accept,accept,reject,accept,1,0,1,1,0,1,1,0,1,0,0,0
loan,participant-13,accuracy,LP002142,1,reject,reject,reject,reject,1,1,1,1,0,0,0,0,1,0,0,0
loan,participant-13,accuracy,LP001806,2,accept,accept,accept,accept,1,1,1,1,0,0,0,0,1,0,0,0
loan,participant-13,accuracy,LP002840,3,reject,accept,accept,accept,0,0,0,1,0,0,0,0,0,0,0,1
loan,participant-13,accuracy,LP001451,4,reject,reject,accept,reject,1,0,1,1,0,1,1,0,1,0,0,0
loan,participant-13,accuracy,LP002181,5,reject,reject,reject,reject,1,1,1,1,0,0,0,0,1,0,0,0
loan,participant-13,accuracy,LP002534,6,accept,accept,reject,accept,1,0,1,1,0,1,1,0,1,0,0,0
loan,participant-13,accuracy,LP001030,7,accept,accept,accept,accept,1,1,1,1,0,0,0,0,1,0,0,0
loan,participant-13,accuracy,LP002068,8,accept,reject,reject,reject,0,0,0,1,0,0,0,0,0,0,0,1
loan,participant-13,accuracy,LP001849,9,reject,accept,reject,accept,0,1,0,1,0,1,0,1,0,0,0,1
loan,participant-13,accuracy,LP001882,10,accept,accept,accept,accept,1,1,1,1,0,0,0,0,1,0,0,0
loan,participant-14,analogy,LP001849,1,reject,reject,reject,reject,1,1,1,1,0,0,0,0,1,0,0,0
loan,participant-14,analogy,LP001030,2,accept,accept,accept,accept,1,1,1,1,0,0,0,0,1,0,0,0
loan,participant-14,analogy,LP001806,3,accept,accept,accept,accept,1,1,1,1,0,0,0,0,1,0,0,0
loan,participant-14,analogy,LP001882,4,accept,accept,reject,accept,1,0,1,1,0,1,1,0,1,0,0,0
loan,participant-14,analogy,LP002068,5,accept,accept,reject,reject,1,0,0,0,1,0,1,0,0,0,1,0
loan,participant-14,analogy,LP002181,6,reject,accept,accept,accept,0,0,0,1,0,0,0,0,0,0,0,1
loan,participant-14,analogy,LP002142,7,reject,accept,reject,reject,0,1,1,0,1,0,0,1,1,1,0,0
loan,participant-14,analogy,LP002840,8,reject,reject,accept,accept,1,0,0,0,1,0,1,0,0,0,1,0
loan,participant-14,analogy,LP002534,9,accept,accept,reject,reject,1,0,0,0,1,0,1,0,0,0,1,0
loan,participant-14,analogy,LP001451,10,reject,accept,accept,accept,0,0,0,1,0,0,0,0,0,0,0,1
loan,participant-254,system,LP001806,1,accept,accept,accept,accept,1,1,1,1,0,0,0,0,1,0,0,0
loan,participant-254,system,LP002142,2,reject,reject,reject,reject,1,1,1,1,0,0,0,0,1,0,0,0
loan,participant-254,system,LP002840,3,reject,reject,accept,accept,1,0,0,0,1,0,1,0,0,0,1,0
loan,participant-254,system,LP001849,4,reject,reject,reject,reject,1,1,1,1,0,0,0,0,1,0,0,0
loan,participant-254,system,LP002068,5,accept,reject,reject,reject,0,0,0,1,0,0,0,0,0,0,0,1
loan,participant-254,system,LP001451,6,reject,reject,accept,accept,1,0,0,0,1,0,1,0,0,0,1,0
loan,participant-254,system,LP002534,7,accept,accept,accept,accept,1,1,1,1,0,0,0,0,1,0,0,0
loan,participant-254,system,LP002181,8,reject,accept,accept,accept,0,0,0,1,0,0,0,0,0,0,0,1
loan,participant-254,system,LP001882,9,accept,reject,reject,reject,0,0,0,1,0,0,0,0,0,0,0,1
loan,participant-254,system,LP001030,10,accept,accept,accept,accept,1,1,1,1,0,0,0,0,1,0,0,0
loan,participant-279,analogy,LP002534,1,accept,reject,reject,reject,0,0,0,1,0,0,0,0,0,0,0,1
loan,participant-279,analogy,LP001030,2,accept,reject,accept,reject,0,1,0,1,0,1,0,1,0,0,0,1
loan,participant-279,analogy,LP001882,3,accept,accept,reject,accept,1,0,1,1,0,1,1,0,1,0,0,0
loan,participant-279,analogy,LP001451,4,reject,reject,accept,reject,1,0,1,1,0,1,1,0,1,0,0,0
loan,participant-279,analogy,LP002181,5,reject,reject,accept,reject,1,0,1,1,0,1,1,0,1,0,0,0
loan,participant-279,analogy,LP002068,6,accept,accept,accept,accept,1,1,1,1,0,0,0,0,1,0,0,0
loan,participant-279,analogy,LP002142,7,reject,reject,accept,reject,1,0,1,1,0,1,1,0,1,0,0,0
loan,participant-279,analogy,LP001806,8,accept,reject,accept,reject,0,1,0,1,0,1,0,1,0,0,0,1
loan,participant-279,analogy,LP002840,9,reject,reject,accept,accept,1,0,0,0,1,0,1,0,0,0,1,0
loan,participant-279,analogy,LP001849,10,reject,reject,reject,reject,1,1,1,1,0,0,0,0,1,0,0,0
loan,participant-5,analogy,LP002068,1,accept,accept,reject,reject,1,0,0,0,1,0,1,0,0,0,1,0
loan,participant-5,analogy,LP001806,2,accept,accept,accept,accept,1,1,1,1,0,0,0,0,1,0,0,0
loan,participant-5,analogy,LP002840,3,reject,accept,accept,accept,0,0,0,1,0,0,0,0,0,0,0,1
loan,participant-5,analogy,LP002534,4,accept,accept,reject,reject,1,0,0,0,1,0,1,0,0,0,1,0
loan,participant-5,analogy,LP001451,5,reject,accept,accept,accept,0,0,0,1,0,0,0,0,0,0,0,1
loan,participant-5,analogy,LP002142,6,reject,reject,accept,accept,1,0,0,0,1,0,1,0,0,0,1,0
loan,participant-5,analogy,LP001030,7,accept,accept,reject,reject,1,0,0,0,1,0,1,0,0,0,1,0
loan,participant-5,analogy,LP002181,8,reject,accept,accept,accept,0,0,0,1,0,0,0,0,0,0,0,1
loan,participant-5,analogy,LP001882,9,accept,accept,accept,accept,1,1,1,1,0,0,0,0,1,0,0,0
loan,participant-5,analogy,LP001849,10,reject,reject,accept,accept,1,0,0,0,1,0,1,0,0,0,1,0
loan,participant-135,analogy,LP002142,1,reject,reject,reject,reject,1,1,1,1,0,0,0,0,1,0,0,0
loan,participant-135,analogy,LP001451,2,reject,reject,accept,accept,1,0,0,0,1,0,1,0,0,0,1,0
loan,participant-135,analogy,LP002181,3,reject,reject,accept,accept,1,0,0,0,1,0,1,0,0,0,1,0
loan,participant-135,analogy,LP002840,4,reject,accept,accept,accept,0,0,0,1,0,0,0,0,0,0,0,1
loan,participant-135,analogy,LP001882,5,accept,accept,reject,reject,1,0,0,0,1,0,1,0,0,0,1,0
loan,participant-135,analogy,LP001030,6,accept,accept,reject,reject,1,0,0,0,1,0,1,0,0,0,1,0
loan,participant-135,analogy,LP002534,7,accept,reject,reject,reject,0,0,0,1,0,0,0,0,0,0,0,1
loan,participant-135,analogy,LP002068,8,accept,accept,reject,accept,1,0,1,1,0,1,1,0,1,0,0,0
loan,participant-135,analogy,LP001806,9,accept,reject,accept,reject,0,1,0,1,0,1,0,1,0,0,0,1
loan,participant-135,analogy,LP001849,10,reject,reject,reject,reject,1,1,1,1,0,0,0,0,1,0,0,0
loan,participant-151,accuracy,LP002181,1,reject,reject,accept,reject,1,0,1,1,0,1,1,0,1,0,0,0
loan,participant-151,accuracy,LP002068,2,accept,accept,reject,accept,1,0,1,1,0,1,1,0,1,0,0,0
loan,participant-151,accuracy,LP001882,3,accept,accept,reject,accept,1,0,1,1,0,1,1,0,1,0,0,0
loan,participant-151,accuracy,LP002840,4,reject,accept,accept,accept,0,0,0,1,0,0,0,0,0,0,0,1
loan,participant-151,accuracy,LP001849,5,reject,reject,accept,reject,1,0,1,1,0,1,1,0,1,0,0,0
loan,participant-151,accuracy,LP001451,6,reject,reject,accept,reject,1,0,1,1,0,1,1,0,1,0,0,0
loan,participant-151,accuracy,LP002142,7,reject,accept,reject,reject,0,1,1,0,1,0,0,1,1,1,0,0
loan,participant-151,accuracy,LP002534,8,accept,reject,accept,accept,0,1,1,0,1,0,0,1,1,1,0,0
loan,participant-151,accuracy,LP001030,9,accept,accept,accept,accept,1,1,1,1,0,0,0,0,1,0,0,0
loan,participant-151,accuracy,LP001806,10,accept,accept,accept,accept,1,1,1,1,0,0,0,0,1,0,0,0
loan,participant-173,accuracy,LP002534,1,accept,accept,accept,accept,1,1,1,1,0,0,0,0,1,0,0,0
loan,participant-173,accuracy,LP001806,2,accept,reject,reject,reject,0,0,0,1,0,0,0,0,0,0,0,1
loan,participant-173,accuracy,LP002840,3,reject,reject,accept,accept,1,0,0,0,1,0,1,0,0,0,1,0
loan,participant-173,accuracy,LP002181,4,reject,reject,accept,accept,1,0,0,0,1,0,1,0,0,0,1,0
loan,participant-173,accuracy,LP002142,5,reject,reject,reject,reject,1,1,1,1,0,0,0,0,1,0,0,0
loan,participant-173,accuracy,LP001030,6,accept,accept,reject,accept,1,0,1,1,0,1,1,0,1,0,0,0
loan,participant-173,accuracy,LP001451,7,reject,accept,reject,accept,0,1,0,1,0,1,0,1,0,0,0,1
loan,participant-173,accuracy,LP001849,8,reject,reject,accept,reject,1,0,1,1,0,1,1,0,1,0,0,0
loan,participant-173,accuracy,LP002068,9,accept,accept,accept,accept,1,1,1,1,0,0,0,0,1,0,0,0
loan,participant-173,accuracy,LP001882,10,accept,reject,accept,accept,0,1,1,0,1,0,0,1,1,1,0,0
loan,participant-44,system,LP001451,1,reject,accept,accept,accept,0,0,0,1,0,0,0,0,0,0,0,1
loan,participant-44,system,LP002840,2,reject,reject,accept,reject,1,0,1,1,0,1,1,0,1,0,0,0
loan,participant-44,system,LP002068,3,accept,accept,reject,reject,1,0,0,0,1,0,1,0,0,0,1,0
loan,participant-44,system,LP001882,4,accept,accept,reject,accept,1,0,1,1,0,1,1,0,1,0,0,0
loan,participant-44,system,LP002534,5,accept,accept,reject,accept,1,0,1,1,0,1,1,0,1,0,0,0
loan,participant-44,system,LP001806,6,accept,accept,reject,accept,1,0,1,1,0,1,1,0,1,0,0,0
loan,participant-44,system,LP001849,7,reject,accept,accept,accept,0,0,0,1,0,0,0,0,0,0,0,1
loan,participant-44,system,LP002142,8,reject,accept,accept,accept,0,0,0,1,0,0,0,0,0,0,0,1
loan,participant-44,system,LP001030,9,accept,accept,accept,accept,1,1,1,1,0,0,0,0,1,0,0,0
loan,participant-44,system,LP002181,10,reject,reject,reject,reject,1,1,1,1,0,0,0,0,1,0,0,0
loan,participant-193,analogy,LP001882,1,accept,reject,reject,reject,0,0,0,1,0,0,0,0,0,0,0,1
loan,participant-193,analogy,LP002534,2,accept,accept,accept,accept,1,1,1,1,0,0,0,0,1,0,0,0
loan,participant-193,analogy,LP002181,3,reject,reject,accept,accept,1,0,0,0,1,0,1,0,0,0,1,0
loan,participant-193,analogy,LP001451,4,reject,reject,accept,accept,1,0,0,0,1,0,1,0,0,0,1,0
loan,participant-193,analogy,LP002142,5,reject,reject,reject,reject,1,1,1,1,0,0,0,0,1,0,0,0
loan,participant-193,analogy,LP002068,6,accept,accept,accept,accept,1,1,1,1,0,0,0,0,1,0,0,0
loan,participant-193,analogy,LP001849,7,reject,reject,accept,accept,1,0,0,0,1,0,1,0,0,0,1,0
loan,participant-193,analogy,LP002840,8,reject,reject,accept,accept,1,0,0,0,1,0,1,0,0,0,1,0
loan,participant-193,analogy,LP001806,9,accept,reject,reject,reject,0,0,0,1,0,0,0,0,0,0,0,1
loan,participant-193,analogy,LP001030,10,accept,reject,accept,accept,0,1,1,0,1,0,0,1,1,1,0,0
loan,participant-68,system,LP002181,1,reject,reject,accept,accept,1,0,0,0,1,0,1,0,0,0,1,0
loan,participant-68,system,LP002068,2,accept,accept,reject,reject,1,0,0,0,1,0,1,0,0,0,1,0
loan,participant-68,system,LP001030,3,accept,accept,accept,accept,1,1,1,1,0,0,0,0,1,0,0,0
loan,participant-68,system,LP002840,4,reject,reject,accept,accept,1,0,0,0,1,0,1,0,0,0,1,0
loan,participant-68,system,LP001451,5,reject,reject,reject,reject,1,1,1,1,0,0,0,0,1,0,0,0
loan,participant-68,system,LP001849,6,reject,accept,reject,reject,0,1,1,0,1,0,0,1,1,1,0,0
loan,participant-68,system,LP001882,7,accept,reject,accept,accept,0,1,1,0,1,0,0,1,1,1,0,0
loan,participant-68,system,LP002534,8,accept,accept,accept,accept,1,1,1,1,0,0,0,0,1,0,0,0
loan,participant-68,system,LP001806,9,accept,accept,reject,reject,1,0,0,0,1,0,1,0,0,0,1,0
loan,participant-68,system,LP002142,10,reject,accept,reject,reject,0,1,1,0,1,0,0,1,1,1,0,0
loan,participant-145,system,LP001882,1,accept,accept,reject,accept,1,0,1,1,0,1,1,0,1,0,0,0
loan,participant-145,system,LP001030,2,accept,accept,accept,accept,1,1,1,1,0,0,0,0,1,0,0,0
loan,participant-145,system,LP002181,3,reject,reject,reject,reject,1,1,1,1,0,0,0,0,1,0,0,0
loan,participant-145,system,LP002840,4,reject,reject,accept,accept,1,0,0,0,1,0,1,0,0,0,1,0
loan,participant-145,system,LP002068,5,accept,reject,accept,reject,0,1,0,1,0,1,0,1,0,0,0,1
loan,participant-145,system,LP001806,6,accept,accept,reject,reject,1,0,0,0,1,0,1,0,0,0,1,0
loan,participant-145,system,LP002534,7,accept,reject,accept,reject,0,1,0,1,0,1,0,1,0,0,0,1
loan,participant-145,system,LP001849,8,reject,accept,reject,reject,0,1,1,0,1,0,0,1,1,1,0,0
loan,participant-145,system,LP002142,9,reject,reject,reject,reject,1,1,1,1,0,0,0,0,1,0,0,0
loan,participant-145,system,LP001451,10,reject,reject,accept,accept,1,0,0,0,1,0,1,0,0,0,1,0
loan,participant-94,accuracy,LP001451,1,reject,reject,accept,reject,1,0,1,1,0,1,1,0,1,0,0,0
loan,participant-94,accuracy,LP001882,2,accept,reject,reject,reject,0,0,0,1,0,0,0,0,0,0,0,1
loan,participant-94,accuracy,LP002068,3,accept,accept,reject,reject,1,0,0,0,1,0,1,0,0,0,1,0
loan,participant-94,accuracy,LP001849,4,reject,reject,reject,reject,1,1,1,1,0,0,0,0,1,0,0,0
loan,participant-94,accuracy,LP002181,5,reject,reject,reject,reject,1,1,1,1,0,0,0,0,1,0,0,0
loan,participant-94,accuracy,LP002534,6,accept,accept,reject,reject,1,0,0,0,1,0,1,0,0,0,1,0
loan,participant-94,accuracy,LP002142,7,reject,reject,reject,reject,1,1,1,1,0,0,0,0,1,0,0,0
loan,participant-94,accuracy,LP001806,8,accept,reject,accept,accept,0,1,1,0,1,0,0,1,1,1,0,0
loan,participant-94,accuracy,LP002840,9,reject,reject,accept,accept,1,0,0,0,1,0,1,0,0,0,1,0
loan,participant-94,accuracy,LP001030,10,accept,reject,accept,accept,0,1,1,0,1,0,0,1,1,1,0,0
loan,participant-252,analogy,LP001806,1,accept,reject,reject,reject,0,0,0,1,0,0,0,0,0,0,0,1
loan,participant-252,analogy,LP002840,2,reject,reject,accept,accept,1,0,0,0,1,0,1,0,0,0,1,0
loan,participant-252,analogy,LP002534,3,accept,accept,accept,accept,1,1,1,1,0,0,0,0,1,0,0,0
loan,participant-252,analogy,LP002068,4,accept,accept,accept,accept,1,1,1,1,0,0,0,0,1,0,0,0
loan,participant-252,analogy,LP001849,5,reject,reject,accept,accept,1,0,0,0,1,0,1,0,0,0,1,0
loan,participant-252,analogy,LP002181,6,reject,reject,accept,accept,1,0,0,0,1,0,1,0,0,0,1,0
loan,participant-252,analogy,LP001882,7,accept,accept,reject,reject,1,0,0,0,1,0,1,0,0,0,1,0
loan,participant-252,analogy,LP001030,8,accept,reject,accept,accept,0,1,1,0,1,0,0,1,1,1,0,0
loan,participant-252,analogy,LP001451,9,reject,accept,accept,accept,0,0,0,1,0,0,0,0,0,0,0,1
loan,participant-252,analogy,LP002142,10,reject,reject,accept,accept,1,0,0,0,1,0,1,0,0,0,1,0
loan,participant-180,system,LP002840,1,reject,accept,accept,accept,0,0,0,1,0,0,0,0,0,0,0,1
loan,participant-180,system,LP001806,2,accept,reject,reject,reject,0,0,0,1,0,0,0,0,0,0,0,1
loan,participant-180,system,LP002534,3,accept,accept,reject,reject,1,0,0,0,1,0,1,0,0,0,1,0
loan,participant-180,system,LP001849,4,reject,accept,reject,reject,0,1,1,0,1,0,0,1,1,1,0,0
loan,participant-180,system,LP001030,5,accept,accept,accept,accept,1,1,1,1,0,0,0,0,1,0,0,0
loan,participant-180,system,LP002142,6,reject,reject,accept,accept,1,0,0,0,1,0,1,0,0,0,1,0
loan,participant-180,system,LP001882,7,accept,accept,accept,accept,1,1,1,1,0,0,0,0,1,0,0,0
loan,participant-180,system,LP002181,8,reject,reject,reject,reject,1,1,1,1,0,0,0,0,1,0,0,0
loan,participant-180,system,LP002068,9,accept,accept,accept,accept,1,1,1,1,0,0,0,0,1,0,0,0
loan,participant-180,system,LP001451,10,reject,reject,accept,accept,1,0,0,0,1,0,1,0,0,0,1,0
loan,participant-89,accuracy,LP001030,1,accept,accept,reject,accept,1,0,1,1,0,1,1,0,1,0,0,0
loan,participant-89,accuracy,LP002840,2,reject,reject,accept,accept,1,0,0,0,1,0,1,0,0,0,1,0
loan,participant-89,accuracy,LP001451,3,reject,reject,reject,reject,1,1,1,1,0,0,0,0,1,0,0,0
loan,participant-89,accuracy,LP001882,4,accept,accept,reject,reject,1,0,0,0,1,0,1,0,0,0,1,0
loan,participant-89,accuracy,LP002534,5,accept,accept,accept,accept,1,1,1,1,0,0,0,0,1,0,0,0
loan,participant-89,accuracy,LP002142,6,reject,reject,accept,reject,1,0,1,1,0,1,1,0,1,0,0,0
loan,participant-89,accuracy,LP001849,7,reject,reject,accept,reject,1,0,1,1,0,1,1,0,1,0,0,0
loan,participant-89,accuracy,LP002068,8,accept,reject,reject,reject,0,0,0,1,0,0,0,0,0,0,0,1
loan,participant-89,accuracy,LP001806,9,accept,reject,reject,reject,0,0,0,1,0,0,0,0,0,0,0,1
loan,participant-89,accuracy,LP002181,10,reject,accept,accept,accept,0,0,0,1,0,0,0,0,0,0,0,1
loan,participant-273,analogy,LP001451,1,reject,accept,reject,reject,0,1,1,0,1,0,0,1,1,1,0,0
loan,participant-273,analogy,LP002534,2,accept,accept,accept,accept,1,1,1,1,0,0,0,0,1,0,0,0
loan,participant-273,analogy,LP001882,3,accept,reject,reject,reject,0,0,0,1,0,0,0,0,0,0,0,1
loan,participant-273,analogy,LP001849,4,reject,accept,accept,accept,0,0,0,1,0,0,0,0,0,0,0,1
loan,participant-273,analogy,LP001030,5,accept,accept,accept,accept,1,1,1,1,0,0,0,0,1,0,0,0
loan,participant-273,analogy,LP001806,6,accept,accept,accept,accept,1,1,1,1,0,0,0,0,1,0,0,0
loan,participant-273,analogy,LP002142,7,reject,reject,accept,accept,1,0,0,0,1,0,1,0,0,0,1,0
loan,participant-273,analogy,LP002068,8,accept,accept,reject,reject,1,0,0,0,1,0,1,0,0,0,1,0
loan,participant-273,analogy,LP002181,9,reject,reject,accept,accept,1,0,0,0,1,0,1,0,0,0,1,0
loan,participant-273,analogy,LP002840,10,reject,reject,accept,accept,1,0,0,0,1,0,1,0,0,0,1,0
loan,participant-159,analogy,LP002534,1,accept,reject,reject,reject,0,0,0,1,0,0,0,0,0,0,0,1
loan,participant-159,analogy,LP002068,2,accept,accept,reject,accept,1,0,1,1,0,1,1,0,1,0,0,0
loan,participant-159,analogy,LP001806,3,accept,reject,reject,reject,0,0,0,1,0,0,0,0,0,0,0,1
loan,participant-159,analogy,LP002181,4,reject,reject,accept,accept,1,0,0,0,1,0,1,0,0,0,1,0
loan,participant-159,analogy,LP001849,5,reject,reject,accept,accept,1,0,0,0,1,0,1,0,0,0,1,0
loan,participant-159,analogy,LP001882,6,accept,accept,reject,reject,1,0,0,0,1,0,1,0,0,0,1,0
loan,participant-159,analogy,LP001030,7,accept,accept,accept,accept,1,1,1,1,0,0,0,0,1,0,0,0
loan,participant-159,analogy,LP002840,8,reject,reject,accept,accept,1,0,0,0,1,0,1,0,0,0,1,0
loan,participant-159,analogy,LP002142,9,reject,accept,accept,accept,0,0,0,1,0,0,0,0,0,0,0,1
loan,participant-159,analogy,LP001451,10,reject,reject,accept,accept,1,0,0,0,1,0,1,0,0,0,1,0
loan,participant-242,analogy,LP001849,1,reject,reject,reject,reject,1,1,1,1,0,0,0,0,1,0,0,0
loan,participant-242,analogy,LP002181,2,reject,accept,reject,accept,0,1,0,1,0,1,0,1,0,0,0,1
loan,participant-242,analogy,LP002142,3,reject,reject,accept,reject,1,0,1,1,0,1,1,0,1,0,0,0
loan,participant-242,analogy,LP002840,4,reject,reject,accept,accept,1,0,0,0,1,0,1,0,0,0,1,0
loan,participant-242,analogy,LP002534,5,accept,accept,reject,accept,1,0,1,1,0,1,1,0,1,0,0,0
loan,participant-242,analogy,LP002068,6,accept,accept,accept,accept,1,1,1,1,0,0,0,0,1,0,0,0
loan,participant-242,analogy,LP001451,7,reject,accept,accept,accept,0,0,0,1,0,0,0,0,0,0,0,1
loan,participant-242,analogy,LP001806,8,accept,accept,reject,accept,1,0,1,1,0,1,1,0,1,0,0,0
loan,participant-242,analogy,LP001882,9,accept,accept,accept,accept,1,1,1,1,0,0,0,0,1,0,0,0
loan,participant-242,analogy,LP001030,10,accept,reject,accept,reject,0,1,0,1,0,1,0,1,0,0,0,1
loan,participant-234,system,LP002181,1,reject,reject,accept,accept,1,0,0,0,1,0,1,0,0,0,1,0
loan,participant-234,system,LP001451,2,reject,reject,reject,reject,1,1,1,1,0,0,0,0,1,0,0,0
loan,participant-234,system,LP002068,3,accept,reject,reject,reject,0,0,0,1,0,0,0,0,0,0,0,1
loan,participant-234,system,LP002142,4,reject,accept,reject,reject,0,1,1,0,1,0,0,1,1,1,0,0
loan,participant-234,system,LP001806,5,accept,accept,reject,reject,1,0,0,0,1,0,1,0,0,0,1,0
loan,participant-234,system,LP001030,6,accept,accept,accept,accept,1,1,1,1,0,0,0,0,1,0,0,0
loan,participant-234,system,LP001882,7,accept,accept,reject,reject,1,0,0,0,1,0,1,0,0,0,1,0
loan,participant-234,system,LP002840,8,reject,accept,accept,accept,0,0,0,1,0,0,0,0,0,0,0,1
loan,participant-234,system,LP002534,9,accept,accept,reject,reject,1,0,0,0,1,0,1,0,0,0,1,0
loan,participant-234,system,LP001849,10,reject,reject,reject,reject,1,1,1,1,0,0,0,0,1,0,0,0
loan,participant-80,analogy,LP001030,1,accept,accept,accept,accept,1,1,1,1,0,0,0,0,1,0,0,0
loan,participant-80,analogy,LP001882,2,accept,accept,reject,reject,1,0,0,0,1,0,1,0,0,0,1,0
loan,participant-80,analogy,LP002534,3,accept,accept,reject,accept,1,0,1,1,0,1,1,0,1,0,0,0
loan,participant-80,analogy,LP002142,4,reject,accept,accept,accept,0,0,0,1,0,0,0,0,0,0,0,1
loan,participant-80,analogy,LP001849,5,reject,reject,reject,reject,1,1,1,1,0,0,0,0,1,0,0,0
loan,participant-80,analogy,LP002181,6,reject,reject,accept,accept,1,0,0,0,1,0,1,0,0,0,1,0
loan,participant-80,analogy,LP002068,7,accept,reject,accept,reject,0,1,0,1,0,1,0,1,0,0,0,1
loan,participant-80,analogy,LP002840,8,reject,accept,accept,accept,0,0,0,1,0,0,0,0,0,0,0,1
loan,participant-80,analogy,LP001451,9,reject,reject,accept,accept,1,0,0,0,1,0,1,0,0,0,1,0
loan,participant-80,analogy,LP001806,10,accept,accept,accept,accept,1,1,1,1,0,0,0,0,1,0,0,0
loan,participant-85,system,LP002534,1,accept,accept,accept,accept,1,1,1,1,0,0,0,0,1,0,0,0
loan,participant-85,system,LP001030,2,accept,accept,accept,accept,1,1,1,1,0,0,0,0,1,0,0,0
loan,participant-85,system,LP001806,3,accept,reject,accept,reject,0,1,0,1,0,1,0,1,0,0,0,1
loan,participant-85,system,LP002142,4,reject,reject,reject,reject,1,1,1,1,0,0,0,0,1,0,0,0
loan,participant-85,system,LP001849,5,reject,reject,reject,reject,1,1,1,1,0,0,0,0,1,0,0,0
loan,participant-85,system,LP002840,6,reject,reject,accept,reject,1,0,1,1,0,1,1,0,1,0,0,0
loan,participant-85,system,LP002068,7,accept,accept,reject,reject,1,0,0,0,1,0,1,0,0,0,1,0
loan,participant-85,system,LP001882,8,accept,reject,reject,reject,0,0,0,1,0,0,0,0,0,0,0,1
loan,participant-85,system,LP002181,9,reject,reject,accept,reject,1,0,1,1,0,1,1,0,1,0,0,0
loan,participant-85,system,LP001451,10,reject,accept,accept,accept,0,0,0,1,0,0,0,0,0,0,0,1
loan,participant-178,accuracy,LP002068,1,accept,reject,reject,reject,0,0,0,1,0,0,0,0,0,0,0,1
loan,participant-178,accuracy,LP001882,2,accept,accept,reject,reject,1,0,0,0,1,0,1,0,0,0,1,0
loan,participant-178,accuracy,LP002840,3,reject,accept,accept,accept,0,0,0,1,0,0,0,0,0,0,0,1
loan,participant-178,accuracy,LP002142,4,reject,reject,reject,reject,1,1,1,1,0,0,0,0,1,0,0,0
loan,participant-178,accuracy,LP001806,5,accept,reject,accept,accept,0,1,1,0,1,0,0,1,1,1,0,0
loan,participant-178,accuracy,LP002181,6,reject,reject,accept,accept,1,0,0,0,1,0,1,0,0,0,1,0
loan,participant-178,accuracy,LP001849,7,reject,reject,reject,reject,1,1,1,1,0,0,0,0,1,0,0,0
loan,participant-178,accuracy,LP001030,8,accept,accept,accept,accept,1,1,1,1,0,0,0,0,1,0,0,0
loan,participant-178,accuracy,LP002534,9,accept,accept,reject,reject,1,0,0,0,1,0,1,0,0,0,1,0
loan,participant-178,accuracy,LP001451,10,reject,reject,accept,accept,1,0,0,0,1,0,1,0,0,0,1,0
loan,participant-171,accuracy,LP002181,1,reject,reject,reject,reject,1,1,1,1,0,0,0,0,1,0,0,0
loan,participant-171,accuracy,LP001451,2,reject,reject,accept,reject,1,0,1,1,0,1,1,0,1,0,0,0
loan,participant-171,accuracy,LP002068,3,accept,accept,reject,reject,1,0,0,0,1,0,1,0,0,0,1,0
loan,participant-171,accuracy,LP002534,4,accept,reject,reject,reject,0,0,0,1,0,0,0,0,0,0,0,1
loan,participant-171,accuracy,LP002142,5,reject,reject,reject,reject,1,1,1,1,0,0,0,0,1,0,0,0
loan,participant-171,accuracy,LP001806,6,accept,accept,accept,accept,1,1,1,1,0,0,0,0,1,0,0,0
loan,participant-171,accuracy,LP002840,7,reject,reject,accept,reject,1,0,1,1,0,1,1,0,1,0,0,0
loan,participant-171,accuracy,LP001849,8,reject,accept,reject,accept,0,1,0,1,0,1,0,1,0,0,0,1
loan,participant-171,accuracy,LP001030,9,accept,reject,accept,reject,0,1,0,1,0,1,0,1,0,0,0,1
loan,participant-171,accuracy,LP001882,10,accept,accept,reject,reject,1,0,0,0,1,0,1,0,0,0,1,0
loan,participant-46,analogy,LP002181,1,reject,reject,reject,reject,1,1,1,1,0,0,0,0,1,0,0,0
loan,participant-46,analogy,LP002142,2,reject,reject,reject,reject,1,1,1,1,0,0,0,0,1,0,0,0
loan,participant-46,analogy,LP002534,3,accept,reject,reject,reject,0,0,0,1,0,0,0,0,0,0,0,1
loan,participant-46,analogy,LP001030,4,accept,accept,accept,accept,1,1,1,1,0,0,0,0,1,0,0,0
loan,participant-46,analogy,LP001806,5,accept,accept,reject,accept,1,0,1,1,0,1,1,0,1,0,0,0
loan,participant-46,analogy,LP002840,6,reject,accept,accept,accept,0,0,0,1,0,0,0,0,0,0,0,1
loan,participant-46,analogy,LP002068,7,accept,reject,reject,reject,0,0,0,1,0,0,0,0,0,0,0,1
loan,participant-46,analogy,LP001882,8,accept,accept,accept,accept,1,1,1,1,0,0,0,0,1,0,0,0
loan,participant-46,analogy,LP001451,9,reject,reject,accept,accept,1,0,0,0,1,0,1,0,0,0,1,0
loan,participant-46,analogy,LP001849,10,reject,reject,reject,reject,1,1,1,1,0,0,0,0,1,0,0,0
loan,participant-231,accuracy,LP002840,1,reject,reject,accept,reject,1,0,1,1,0,1,1,0,1,0,0,0
loan,participant-231,accuracy,LP001030,2,accept,reject,accept,accept,0,1,1,0,1,0,0,1,1,1,0,0
loan,participant-231,accuracy,LP001451,3,reject,accept,accept,accept,0,0,0,1,0,0,0,0,0,0,0,1
loan,participant-231,accuracy,LP002534,4,accept,accept,reject,reject,1,0,0,0,1,0,1,0,0,0,1,0
loan,participant-231,accuracy,LP001882,5,accept,accept,accept,accept,1,1,1,1,0,0,0,0,1,0,0,0
loan,participant-231,accuracy,LP002068,6,accept,reject,reject,reject,0,0,0,1,0,0,0,0,0,0,0,1
loan,participant-231,accuracy,LP001806,7,accept,accept,accept,accept,1,1,1,1,0,0,0,0,1,0,0,0
loan,participant-231,accuracy,LP002142,8,reject,reject,reject,reject,1,1,1,1,0,0,0,0,1,0,0,0
loan,participant-231,accuracy,LP002181,9,reject,reject,accept,accept,1,0,0,0,1,0,1,0,0,0,1,0
loan,participant-231,accuracy,LP001849,10,reject,reject,accept,accept,1,0,0,0,1,0,1,0,0,0,1,0
loan,participant-162,analogy,LP001849,1,reject,accept,reject,reject,0,1,1,0,1,0,0,1,1,1,0,0
loan,participant-162,analogy,LP002840,2,reject,reject,accept,accept,1,0,0,0,1,0,1,0,0,0,1,0
loan,participant-162,analogy,LP002068,3,accept,accept,reject,accept,1,0,1,1,0,1,1,0,1,0,0,0
loan,participant-162,analogy,LP001451,4,reject,reject,accept,accept,1,0,0,0,1,0,1,0,0,0,1,0
loan,participant-162,analogy,LP002142,5,reject,accept,accept,accept,0,0,0,1,0,0,0,0,0,0,0,1
loan,participant-162,analogy,LP002534,6,accept,accept,accept,accept,1,1,1,1,0,0,0,0,1,0,0,0
loan,participant-162,analogy,LP001882,7,accept,accept,accept,accept,1,1,1,1,0,0,0,0,1,0,0,0
loan,participant-162,analogy,LP001030,8,accept,reject,accept,reject,0,1,0,1,0,1,0,1,0,0,0,1
loan,participant-162,analogy,LP002181,9,reject,reject,accept,accept,1,0,0,0,1,0,1,0,0,0,1,0
loan,participant-162,analogy,LP001806,10,accept,accept,reject,reject,1,0,0,0,1,0,1,0,0,0,1,0
loan,participant-201,accuracy,LP001882,1,accept,accept,accept,accept,1,1,1,1,0,0,0,0,1,0,0,0
loan,participant-201,accuracy,LP002142,2,reject,accept,reject,reject,0,1,1,0,1,0,0,1,1,1,0,0
loan,participant-201,accuracy,LP001849,3,reject,accept,reject,reject,0,1,1,0,1,0,0,1,1,1,0,0
loan,participant-201,accuracy,LP002181,4,reject,reject,accept,reject,1,0,1,1,0,1,1,0,1,0,0,0
loan,participant-201,accuracy,LP001806,5,accept,accept,reject,accept,1,0,1,1,0,1,1,0,1,0,0,0
loan,participant-201,accuracy,LP002840,6,reject,reject,accept,accept,1,0,0,0,1,0,1,0,0,0,1,0
loan,participant-201,accuracy,LP001030,7,accept,accept,accept,accept,1,1,1,1,0,0,0,0,1,0,0,0
loan,participant-201,accuracy,LP002068,8,accept,accept,reject,reject,1,0,0,0,1,0,1,0,0,0,1,0
loan,participant-201,accuracy,LP002534,9,accept,accept,reject,reject,1,0,0,0,1,0,1,0,0,0,1,0
loan,participant-201,accuracy,LP001451,10,reject,accept,accept,accept,0,0,0,1,0,0,0,0,0,0,0,1
loan,participant-48,system,LP002534,1,accept,accept,accept,accept,1,1,1,1,0,0,0,0,1,0,0,0
loan,participant-48,system,LP002181,2,reject,reject,accept,accept,1,0,0,0,1,0,1,0,0,0,1,0
loan,participant-48,system,LP002840,3,reject,reject,accept,accept,1,0,0,0,1,0,1,0,0,0,1,0
loan,participant-48,system,LP001849,4,reject,reject,reject,reject,1,1,1,1,0,0,0,0,1,0,0,0
loan,participant-48,system,LP002068,5,accept,reject,reject,reject,0,0,0,1,0,0,0,0,0,0,0,1
loan,participant-48,system,LP001806,6,accept,accept,accept,accept,1,1,1,1,0,0,0,0,1,0,0,0
loan,participant-48,system,LP001451,7,reject,reject,reject,reject,1,1,1,1,0,0,0,0,1,0,0,0
loan,participant-48,system,LP001882,8,accept,reject,reject,reject,0,0,0,1,0,0,0,0,0,0,0,1
loan,participant-48,system,LP001030,9,accept,reject,accept,reject,0,1,0,1,0,1,0,1,0,0,0,1
loan,participant-48,system,LP002142,10,reject,reject,reject,reject,1,1,1,1,0,0,0,0,1,0,0,0
loan,participant-136,accuracy,LP002534,1,accept,accept,accept,accept,1,1,1,1,0,0,0,0,1,0,0,0
loan,participant-136,accuracy,LP002181,2,reject,accept,reject,accept,0,1,0,1,0,1,0,1,0,0,0,1
loan,participant-136,accuracy,LP001849,3,reject,reject,reject,reject,1,1,1,1,0,0,0,0,1,0,0,0
loan,participant-136,accuracy,LP001030,4,accept,reject,accept,accept,0,1,1,0,1,0,0,1,1,1,0,0
loan,participant-136,accuracy,LP002142,5,reject,reject,reject,reject,1,1,1,1,0,0,0,0,1,0,0,0
loan,participant-136,accuracy,LP001882,6,accept,accept,reject,accept,1,0,1,1,0,1,1,0,1,0,0,0
loan,participant-136,accuracy,LP001806,7,accept,accept,accept,accept,1,1,1,1,0,0,0,0,1,0,0,0
loan,participant-136,accuracy,LP002068,8,accept,accept,reject,reject,1,0,0,0,1,0,1,0,0,0,1,0
loan,participant-136,accuracy,LP002840,9,reject,reject,accept,accept,1,0,0,0,1,0,1,0,0,0,1,0
loan,participant-136,accuracy,LP001451,10,reject,accept,reject,accept,0,1,0,1,0,1,0,1,0,0,0,1
loan,participant-90,accuracy,LP001030,1,accept,accept,accept,accept,1,1,1,1,0,0,0,0,1,0,0,0
loan,participant-90,accuracy,LP002840,2,reject,accept,accept,accept,0,0,0,1,0,0,0,0,0,0,0,1
loan,participant-90,accuracy,LP001806,3,accept,reject,reject,reject,0,0,0,1,0,0,0,0,0,0,0,1
loan,participant-90,accuracy,LP002068,4,accept,accept,accept,accept,1,1,1,1,0,0,0,0,1,0,0,0
loan,participant-90,accuracy,LP001882,5,accept,accept,reject,accept,1,0,1,1,0,1,1,0,1,0,0,0
loan,participant-90,accuracy,LP002181,6,reject,reject,reject,reject,1,1,1,1,0,0,0,0,1,0,0,0
loan,participant-90,accuracy,LP002142,7,reject,reject,reject,reject,1,1,1,1,0,0,0,0,1,0,0,0
loan,participant-90,accuracy,LP001849,8,reject,reject,accept,accept,1,0,0,0,1,0,1,0,0,0,1,0
loan,participant-90,accuracy,LP001451,9,reject,reject,accept,accept,1,0,0,0,1,0,1,0,0,0,1,0
loan,participant-90,accuracy,LP002534,10,accept,reject,accept,accept,0,1,1,0,1,0,0,1,1,1,0,0
loan,participant-139,accuracy,LP002840,1,reject,reject,accept,accept,1,0,0,0,1,0,1,0,0,0,1,0
loan,participant-139,accuracy,LP002534,2,accept,reject,reject,reject,0,0,0,1,0,0,0,0,0,0,0,1
loan,participant-139,accuracy,LP001030,3,accept,accept,reject,accept,1,0,1,1,0,1,1,0,1,0,0,0
loan,participant-139,accuracy,LP001806,4,accept,accept,reject,reject,1,0,0,0,1,0,1,0,0,0,1,0
loan,participant-139,accuracy,LP002142,5,reject,reject,accept,reject,1,0,1,1,0,1,1,0,1,0,0,0
loan,participant-139,accuracy,LP001451,6,reject,reject,reject,reject,1,1,1,1,0,0,0,0,1,0,0,0
loan,participant-139,accuracy,LP001882,7,accept,accept,reject,reject,1,0,0,0,1,0,1,0,0,0,1,0
loan,participant-139,accuracy,LP001849,8,reject,accept,reject,accept,0,1,0,1,0,1,0,1,0,0,0,1
loan,participant-139,accuracy,LP002181,9,reject,accept,accept,accept,0,0,0,1,0,0,0,0,0,0,0,1
loan,participant-139,accuracy,LP002068,10,accept,accept,reject,accept,1,0,1,1,0,1,1,0,1,0,0,0
loan,participant-184,accuracy,LP002181,1,reject,reject,accept,reject,1,0,1,1,0,1,1,0,1,0,0,0
loan,participant-184,accuracy,LP002068,2,accept,accept,reject,accept,1,0,1,1,0,1,1,0,1,0,0,0
loan,participant-184,accuracy,LP001849,3,reject,reject,reject,reject,1,1,1,1,0,0,0,0,1,0,0,0
loan,participant-184,accuracy,LP001806,4,accept,accept,accept,accept,1,1,1,1,0,0,0,0,1,0,0,0
loan,participant-184,accuracy,LP002534,5,accept,reject,accept,reject,0,1,0,1,0,1,0,1,0,0,0,1
loan,participant-184,accuracy,LP002142,6,reject,reject,accept,accept,1,0,0,0,1,0,1,0,0,0,1,0
loan,participant-184,accuracy,LP001451,7,reject,reject,accept,reject,1,0,1,1,0,1,1,0,1,0,0,0
loan,participant-184,accuracy,LP001882,8,accept,accept,reject,accept,1,0,1,1,0,1,1,0,1,0,0,0
loan,participant-184,accuracy,LP001030,9,accept,reject,accept,accept,0,1,1,0,1,0,0,1,1,1,0,0
loan,participant-184,accuracy,LP002840,10,reject,accept,accept,accept,0,0,0,1,0,0,0,0,0,0,0,1
loan,participant-164,system,LP001030,1,accept,accept,accept,accept,1,1,1,1,0,0,0,0,1,0,0,0
loan,participant-164,system,LP002181,2,reject,accept,accept,accept,0,0,0,1,0,0,0,0,0,0,0,1
loan,participant-164,system,LP002068,3,accept,accept,reject,reject,1,0,0,0,1,0,1,0,0,0,1,0
loan,participant-164,system,LP001451,4,reject,reject,accept,reject,1,0,1,1,0,1,1,0,1,0,0,0
loan,participant-164,system,LP002840,5,reject,reject,accept,accept,1,0,0,0,1,0,1,0,0,0,1,0
loan,participant-164,system,LP001849,6,reject,reject,reject,reject,1,1,1,1,0,0,0,0,1,0,0,0
loan,participant-164,system,LP002142,7,reject,reject,reject,reject,1,1,1,1,0,0,0,0,1,0,0,0
loan,participant-164,system,LP001806,8,accept,accept,accept,accept,1,1,1,1,0,0,0,0,1,0,0,0
loan,participant-164,system,LP002534,9,accept,reject,accept,accept,0,1,1,0,1,0,0,1,1,1,0,0
loan,participant-164,system,LP001882,10,accept,reject,reject,reject,0,0,0,1,0,0,0,0,0,0,0,1
loan,participant-130,analogy,LP001882,1,accept,reject,reject,reject,0,0,0,1,0,0,0,0,0,0,0,1
loan,participant-130,analogy,LP002534,2,accept,accept,accept,accept,1,1,1,1,0,0,0,0,1,0,0,0
loan,participant-130,analogy,LP001849,3,reject,reject,accept,reject,1,0,1,1,0,1,1,0,1,0,0,0
loan,participant-130,analogy,LP002840,4,reject,reject,accept,accept,1,0,0,0,1,0,1,0,0,0,1,0
loan,participant-130,analogy,LP001806,5,accept,accept,accept,accept,1,1,1,1,0,0,0,0,1,0,0,0
loan,participant-130,analogy,LP002068,6,accept,accept,reject,reject,1,0,0,0,1,0,1,0,0,0,1,0
loan,participant-130,analogy,LP001451,7,reject,reject,accept,reject,1,0,1,1,0,1,1,0,1,0,0,0
loan,participant-130,analogy,LP002142,8,reject,accept,reject,accept,0,1,0,1,0,1,0,1,0,0,0,1
loan,participant-130,analogy,LP001030,9,accept,reject,accept,accept,0,1,1,0,1,0,0,1,1,1,0,0
loan,participant-130,analogy,LP002181,10,reject,reject,accept,accept,1,0,0,0,1,0,1,0,0,0,1,0
loan,participant-118,analogy,LP001806,1,accept,reject,accept,reject,0,1,0,1,0,1,0,1,0,0,0,1
loan,participant-118,analogy,LP001451,2,reject,accept,accept,accept,0,0,0,1,0,0,0,0,0,0,0,1
loan,participant-118,analogy,LP001882,3,accept,accept,accept,accept,1,1,1,1,0,0,0,0,1,0,0,0
loan,participant-118,analogy,LP001849,4,reject,reject,reject,reject,1,1,1,1,0,0,0,0,1,0,0,0
loan,participant-118,analogy,LP002142,5,reject,reject,accept,reject,1,0,1,1,0,1,1,0,1,0,0,0
loan,participant-118,analogy,LP002181,6,reject,reject,accept,accept,1,0,0,0,1,0,1,0,0,0,1,0
loan,participant-118,analogy,LP002840,7,reject,reject,accept,accept,1,0,0,0,1,0,1,0,0,0,1,0
loan,participant-118,analogy,LP002068,8,accept,reject,reject,reject,0,0,0,1,0,0,0,0,0,0,0,1
loan,participant-118,analogy,LP002534,9,accept,accept,reject,reject,1,0,0,0,1,0,1,0,0,0,1,0
loan,participant-118,analogy,LP001030,10,accept,accept,accept,accept,1,1,1,1,0,0,0,0,1,0,0,0
loan,participant-267,system,LP001849,1,reject,accept,reject,reject,0,1,1,0,1,0,0,1,1,1,0,0
loan,participant-267,system,LP001030,2,accept,reject,accept,accept,0,1,1,0,1,0,0,1,1,1,0,0
loan,participant-267,system,LP002181,3,reject,reject,reject,reject,1,1,1,1,0,0,0,0,1,0,0,0
loan,participant-267,system,LP002142,4,reject,reject,reject,reject,1,1,1,1,0,0,0,0,1,0,0,0
loan,participant-267,system,LP001882,5,accept,accept,accept,accept,1,1,1,1,0,0,0,0,1,0,0,0
loan,participant-267,system,LP001806,6,accept,accept,accept,accept,1,1,1,1,0,0,0,0,1,0,0,0
loan,participant-267,system,LP001451,7,reject,reject,accept,accept,1,0,0,0,1,0,1,0,0,0,1,0
loan,participant-267,system,LP002534,8,accept,accept,accept,accept,1,1,1,1,0,0,0,0,1,0,0,0
loan,participant-267,system,LP002840,9,reject,accept,accept,accept,0,0,0,1,0,0,0,0,0,0,0,1
loan,participant-267,system,LP002068,10,accept,accept,reject,reject,1,0,0,0,1,0,1,0,0,0,1,0
loan,participant-117,accuracy,LP001451,1,reject,reject,accept,accept,1,0,0,0,1,0,1,0,0,0,1,0
loan,participant-117,accuracy,LP002840,2,reject,reject,accept,reject,1,0,1,1,0,1,1,0,1,0,0,0
loan,participant-117,accuracy,LP001882,3,accept,accept,reject,reject,1,0,0,0,1,0,1,0,0,0,1,0
loan,participant-117,accuracy,LP001849,4,reject,reject,accept,reject,1,0,1,1,0,1,1,0,1,0,0,0
loan,participant-117,accuracy,LP002534,5,accept,accept,accept,accept,1,1,1,1,0,0,0,0,1,0,0,0
loan,participant-117,accuracy,LP002181,6,reject,reject,reject,reject,1,1,1,1,0,0,0,0,1,0,0,0
loan,participant-117,accuracy,LP002142,7,reject,accept,reject,reject,0,1,1,0,1,0,0,1,1,1,0,0
loan,participant-117,accuracy,LP002068,8,accept,reject,accept,accept,0,1,1,0,1,0,0,1,1,1,0,0
loan,participant-117,accuracy,LP001806,9,accept,accept,accept,accept,1,1,1,1,0,0,0,0,1,0,0,0
loan,participant-117,accuracy,LP001030,10,accept,reject,reject,reject,0,0,0,1,0,0,0,0,0,0,0,1
loan,participant-221,accuracy,LP001451,1,reject,reject,reject,reject,1,1,1,1,0,0,0,0,1,0,0,0
loan,participant-221,accuracy,LP001806,2,accept,accept,accept,accept,1,1,1,1,0,0,0,0,1,0,0,0
loan,participant-221,accuracy,LP002534,3,accept,reject,reject,reject,0,0,0,1,0,0,0,0,0,0,0,1
loan,participant-221,accuracy,LP002181,4,reject,accept,accept,accept,0,0,0,1,0,0,0,0,0,0,0,1
loan,participant-221,accuracy,LP001030,5,accept,accept,reject,accept,1,0,1,1,0,1,1,0,1,0,0,0
loan,participant-221,accuracy,LP002142,6,reject,reject,reject,reject,1,1,1,1,0,0,0,0,1,0,0,0
loan,participant-221,accuracy,LP001882,7,accept,accept,accept,accept,1,1,1,1,0,0,0,0,1,0,0,0
loan,participant-221,accuracy,LP001849,8,reject,reject,accept,reject,1,0,1,1,0,1,1,0,1,0,0,0
loan,participant-221,accuracy,LP002068,9,accept,reject,reject,reject,0,0,0,1,0,0,0,0,0,0,0,1
loan,participant-221,accuracy,LP002840,10,reject,reject,accept,reject,1,0,1,1,0,1,1,0,1,0,0,0
loan,participant-169,accuracy,LP002181,1,reject,accept,accept,accept,0,0,0,1,0,0,0,0,0,0,0,1
loan,participant-169,accuracy,LP001806,2,accept,reject,reject,reject,0,0,0,1,0,0,0,0,0,0,0,1
loan,participant-169,accuracy,LP001030,3,accept,accept,accept,accept,1,1,1,1,0,0,0,0,1,0,0,0
loan,participant-169,accuracy,LP001451,4,reject,reject,accept,reject,1,0,1,1,0,1,1,0,1,0,0,0
loan,participant-169,accuracy,LP001882,5,accept,accept,reject,accept,1,0,1,1,0,1,1,0,1,0,0,0
loan,participant-169,accuracy,LP001849,6,reject,reject,reject,reject,1,1,1,1,0,0,0,0,1,0,0,0
loan,participant-169,accuracy,LP002840,7,reject,reject,accept,accept,1,0,0,0,1,0,1,0,0,0,1,0
loan,participant-169,accuracy,LP002534,8,accept,accept,accept,accept,1,1,1,1,0,0,0,0,1,0,0,0
loan,participant-169,accuracy,LP002142,9,reject,accept,reject,reject,0,1,1,0,1,0,0,1,1,1,0,0
loan,participant-169,accuracy,LP002068,10,accept,accept,reject,accept,1,0,1,1,0,1,1,0,1,0,0,0
loan,participant-163,system,LP001030,1,accept,accept,accept,accept,1,1,1,1,0,0,0,0,1,0,0,0
loan,participant-163,system,LP002142,2,reject,reject,accept,accept,1,0,0,0,1,0,1,0,0,0,1,0
loan,participant-163,system,LP002840,3,reject,reject,accept,accept,1,0,0,0,1,0,1,0,0,0,1,0
loan,participant-163,system,LP002068,4,accept,reject,reject,reject,0,0,0,1,0,0,0,0,0,0,0,1
loan,participant-163,system,LP002534,5,accept,accept,accept,accept,1,1,1,1,0,0,0,0,1,0,0,0
loan,participant-163,system,LP001806,6,accept,reject,reject,reject,0,0,0,1,0,0,0,0,0,0,0,1
loan,participant-163,system,LP002181,7,reject,accept,accept,accept,0,0,0,1,0,0,0,0,0,0,0,1
loan,participant-163,system,LP001882,8,accept,accept,accept,accept,1,1,1,1,0,0,0,0,1,0,0,0
loan,participant-163,system,LP001849,9,reject,reject,reject,reject,1,1,1,1,0,0,0,0,1,0,0,0
loan,participant-163,system,LP001451,10,reject,reject,accept,accept,1,0,0,0,1,0,1,0,0,0,1,0
loan,participant-79,accuracy,LP002181,1,reject,accept,reject,accept,0,1,0,1,0,1,0,1,0,0,0,1
loan,participant-79,accuracy,LP002534,2,accept,accept,accept,accept,1,1,1,1,0,0,0,0,1,0,0,0
loan,participant-79,accuracy,LP001806,3,accept,accept,reject,reject,1,0,0,0,1,0,1,0,0,0,1,0
loan,participant-79,accuracy,LP002142,4,reject,accept,reject,reject,0,1,1,0,1,0,0,1,1,1,0,0
loan,participant-79,accuracy,LP002068,5,accept,accept,reject,reject,1,0,0,0,1,0,1,0,0,0,1,0
loan,participant-79,accuracy,LP001451,6,reject,reject,accept,accept,1,0,0,0,1,0,1,0,0,0,1,0
loan,participant-79,accuracy,LP001849,7,reject,reject,reject,reject,1,1,1,1,0,0,0,0,1,0,0,0
loan,participant-79,accuracy,LP001030,8,accept,accept,accept,accept,1,1,1,1,0,0,0,0,1,0,0,0
loan,participant-79,accuracy,LP001882,9,accept,reject,reject,reject,0,0,0,1,0,0,0,0,0,0,0,1
loan,participant-79,accuracy,LP002840,10,reject,reject,accept,accept,1,0,0,0,1,0,1,0,0,0,1,0
loan,participant-67,analogy,LP002181,1,reject,reject,accept,reject,1,0,1,1,0,1,1,0,1,0,0,0
loan,participant-67,analogy,LP002142,2,reject,accept,reject,accept,0,1,0,1,0,1,0,1,0,0,0,1
loan,participant-67,analogy,LP002840,3,reject,reject,accept,accept,1,0,0,0,1,0,1,0,0,0,1,0
loan,participant-67,analogy,LP001451,4,reject,reject,accept,reject,1,0,1,1,0,1,1,0,1,0,0,0
loan,participant-67,analogy,LP001030,5,accept,accept,reject,accept,1,0,1,1,0,1,1,0,1,0,0,0
loan,participant-67,analogy,LP002534,6,accept,accept,reject,accept,1,0,1,1,0,1,1,0,1,0,0,0
loan,participant-67,analogy,LP001849,7,reject,accept,reject,reject,0,1,1,0,1,0,0,1,1,1,0,0
loan,participant-67,analogy,LP001806,8,accept,accept,accept,accept,1,1,1,1,0,0,0,0,1,0,0,0
loan,participant-67,analogy,LP002068,9,accept,reject,reject,reject,0,0,0,1,0,0,0,0,0,0,0,1
loan,participant-67,analogy,LP001882,10,accept,accept,reject,reject,1,0,0,0,1,0,1,0,0,0,1,0
loan,participant-260,analogy,LP002840,1,reject,accept,accept,accept,0,0,0,1,0,0,0,0,0,0,0,1
loan,participant-260,analogy,LP001882,2,accept,accept,accept,accept,1,1,1,1,0,0,0,0,1,0,0,0
loan,participant-260,analogy,LP002181,3,reject,reject,accept,accept,1,0,0,0,1,0,1,0,0,0,1,0
loan,participant-260,analogy,LP001451,4,reject,accept,accept,accept,0,0,0,1,0,0,0,0,0,0,0,1
loan,participant-260,analogy,LP002534,5,accept,accept,reject,accept,1,0,1,1,0,1,1,0,1,0,0,0
loan,participant-260,analogy,LP001030,6,accept,accept,accept,accept,1,1,1,1,0,0,0,0,1,0,0,0
loan,participant-260,analogy,LP001849,7,reject,reject,accept,reject,1,0,1,1,0,1,1,0,1,0,0,0
loan,participant-260,analogy,LP002142,8,reject,reject,accept,accept,1,0,0,0,1,0,1,0,0,0,1,0
loan,participant-260,analogy,LP002068,9,accept,accept,accept,accept,1,1,1,1,0,0,0,0,1,0,0,0
loan,participant-260,analogy,LP001806,10,accept,reject,reject,reject,0,0,0,1,0,0,0,0,0,0,0,1
loan,participant-208,system,LP001882,1,accept,accept,reject,accept,1,0,1,1,0,1,1,0,1,0,0,0
loan,participant-208,system,LP001030,2,accept,accept,accept,accept,1,1,1,1,0,0,0,0,1,0,0,0
loan,participant-208,system,LP001806,3,accept,reject,accept,reject,0,1,0,1,0,1,0,1,0,0,0,1
loan,participant-208,system,LP002534,4,accept,accept,accept,accept,1,1,1,1,0,0,0,0,1,0,0,0
loan,participant-208,system,LP002068,5,accept,reject,reject,reject,0,0,0,1,0,0,0,0,0,0,0,1
loan,participant-208,system,LP001451,6,reject,reject,accept,reject,1,0,1,1,0,1,1,0,1,0,0,0
loan,participant-208,system,LP002142,7,reject,reject,accept,accept,1,0,0,0,1,0,1,0,0,0,1,0
loan,participant-208,system,LP002181,8,reject,reject,accept,reject,1,0,1,1,0,1,1,0,1,0,0,0
loan,participant-208,system,LP001849,9,reject,reject,accept,reject,1,0,1,1,0,1,1,0,1,0,0,0
loan,participant-208,system,LP002840,10,reject,accept,accept,accept,0,0,0,1,0,0,0,0,0,0,0,1
loan,participant-179,system,LP001849,1,reject,reject,reject,reject,1,1,1,1,0,0,0,0,1,0,0,0
loan,participant-179,system,LP001806,2,accept,accept,reject,accept,1,0,1,1,0,1,1,0,1,0,0,0
loan,participant-179,system,LP002068,3,accept,accept,reject,accept,1,0,1,1,0,1,1,0,1,0,0,0
loan,participant-179,system,LP002181,4,reject,reject,accept,reject,1,0,1,1,0,1,1,0,1,0,0,0
loan,participant-179,system,LP002142,5,reject,reject,accept,reject,1,0,1,1,0,1,1,0,1,0,0,0
loan,participant-179,system,LP001030,6,accept,reject,accept,accept,0,1,1,0,1,0,0,1,1,1,0,0
loan,participant-179,system,LP002534,7,accept,accept,reject,reject,1,0,0,0,1,0,1,0,0,0,1,0
loan,participant-179,system,LP001451,8,reject,reject,accept,reject,1,0,1,1,0,1,1,0,1,0,0,0
loan,participant-179,system,LP001882,9,accept,reject,reject,reject,0,0,0,1,0,0,0,0,0,0,0,1
loan,participant-179,system,LP002840,10,reject,accept,accept,accept,0,0,0,1,0,0,0,0,0,0,0,1
loan,participant-49,analogy,LP002181,1,reject,reject,reject,reject,1,1,1,1,0,0,0,0,1,0,0,0
loan,participant-49,analogy,LP002840,2,reject,accept,accept,accept,0,0,0,1,0,0,0,0,0,0,0,1
loan,participant-49,analogy,LP001882,3,accept,accept,reject,accept,1,0,1,1,0,1,1,0,1,0,0,0
loan,participant-49,analogy,LP001849,4,reject,reject,reject,reject,1,1,1,1,0,0,0,0,1,0,0,0
loan,participant-49,analogy,LP002534,5,accept,reject,reject,reject,0,0,0,1,0,0,0,0,0,0,0,1
loan,participant-49,analogy,LP001451,6,reject,reject,accept,accept,1,0,0,0,1,0,1,0,0,0,1,0
loan,participant-49,analogy,LP002068,7,accept,accept,reject,reject,1,0,0,0,1,0,1,0,0,0,1,0
loan,participant-49,analogy,LP001030,8,accept,accept,accept,accept,1,1,1,1,0,0,0,0,1,0,0,0
loan,participant-49,analogy,LP001806,9,accept,reject,accept,reject,0,1,0,1,0,1,0,1,0,0,0,1
loan,participant-49,analogy,LP002142,10,reject,reject,reject,reject,1,1,1,1,0,0,0,0,1,0,0,0
loan,participant-147,analogy,LP001451,1,reject,reject,accept,accept,1,0,0,0,1,0,1,0,0,0,1,0
loan,participant-147,analogy,LP001030,2,accept,accept,accept,accept,1,1,1,1,0,0,0,0,1,0,0,0
loan,participant-147,analogy,LP001806,3,accept,reject,reject,reject,0,0,0,1,0,0,0,0,0,0,0,1
loan,participant-147,analogy,LP002068,4,accept,reject,accept,reject,0,1,0,1,0,1,0,1,0,0,0,1
loan,participant-147,analogy,LP002181,5,reject,accept,accept,accept,0,0,0,1,0,0,0,0,0,0,0,1
loan,participant-147,analogy,LP002534,6,accept,accept,accept,accept,1,1,1,1,0,0,0,0,1,0,0,0
loan,participant-147,analogy,LP002840,7,reject,reject,accept,accept,1,0,0,0,1,0,1,0,0,0,1,0
loan,participant-147,analogy,LP001849,8,reject,reject,accept,accept,1,0,0,0,1,0,1,0,0,0,1,0
loan,participant-147,analogy,LP002142,9,reject,reject,accept,accept,1,0,0,0,1,0,1,0,0,0,1,0
loan,participant-147,analogy,LP001882,10,accept,accept,accept,accept,1,1,1,1,0,0,0,0,1,0,0,0
loan,participant-209,accuracy,LP002068,1,accept,reject,reject,reject,0,0,0,1,0,0,0,0,0,0,0,1
loan,participant-209,accuracy,LP002142,2,reject,accept,reject,reject,0,1,1,0,1,0,0,1,1,1,0,0
loan,participant-209,accuracy,LP002181,3,reject,reject,accept,accept,1,0,0,0,1,0,1,0,0,0,1,0
loan,participant-209,accuracy,LP001882,4,accept,accept,accept,accept,1,1,1,1,0,0,0,0,1,0,0,0
loan,participant-209,accuracy,LP001030,5,accept,accept,accept,accept,1,1,1,1,0,0,0,0,1,0,0,0
loan,participant-209,accuracy,LP001451,6,reject,reject,accept,accept,1,0,0,0,1,0,1,0,0,0,1,0
loan,participant-209,accuracy,LP002840,7,reject,accept,accept,accept,0,0,0,1,0,0,0,0,0,0,0,1
loan,participant-209,accuracy,LP001849,8,reject,reject,reject,reject,1,1,1,1,0,0,0,0,1,0,0,0
loan,participant-209,accuracy,LP002534,9,accept,accept,reject,accept,1,0,1,1,0,1,1,0,1,0,0,0
loan,participant-209,accuracy,LP001806,10,accept,accept,reject,reject,1,0,0,0,1,0,1,0,0,0,1,0
loan,participant-232,system,LP002068,1,accept,accept,reject,accept,1,0,1,1,0,1,1,0,1,0,0,0
loan,participant-232,system,LP001451,2,reject,reject,accept,reject,1,0,1,1,0,1,1,0,1,0,0,0
loan,participant-232,system,LP002534,3,accept,reject,reject,reject,0,0,0,1,0,0,0,0,0,0,0,1
loan,participant-232,system,LP002840,4,reject,reject,reject,reject,1,1,1,1,0,0,0,0,1,0,0,0
loan,participant-232,system,LP001882,5,accept,reject,accept,reject,0,1,0,1,0,1,0,1,0,0,0,1
loan,participant-232,system,LP001806,6,accept,reject,reject,reject,0,0,0,1,0,0,0,0,0,0,0,1
loan,participant-232,system,LP001030,7,accept,accept,accept,accept,1,1,1,1,0,0,0,0,1,0,0,0
loan,participant-232,system,LP002142,8,reject,reject,reject,reject,1,1,1,1,0,0,0,0,1,0,0,0
loan,participant-232,system,LP002181,9,reject,reject,reject,reject,1,1,1,1,0,0,0,0,1,0,0,0
loan,participant-232,system,LP001849,10,reject,reject,reject,reject,1,1,1,1,0,0,0,0,1,0,0,0
loan,participant-129,analogy,LP002181,1,reject,reject,accept,reject,1,0,1,1,0,1,1,0,1,0,0,0
loan,participant-129,analogy,LP001451,2,reject,reject,reject,reject,1,1,1,1,0,0,0,0,1,0,0,0
loan,participant-129,analogy,LP001849,3,reject,accept,reject,accept,0,1,0,1,0,1,0,1,0,0,0,1
loan,participant-129,analogy,LP001030,4,accept,accept,accept,accept,1,1,1,1,0,0,0,0,1,0,0,0
loan,participant-129,analogy,LP001806,5,accept,reject,accept,reject,0,1,0,1,0,1,0,1,0,0,0,1
loan,participant-129,analogy,LP001882,6,accept,reject,accept,reject,0,1,0,1,0,1,0,1,0,0,0,1
loan,participant-129,analogy,LP002142,7,reject,reject,reject,reject,1,1,1,1,0,0,0,0,1,0,0,0
loan,participant-129,analogy,LP002840,8,reject,reject,accept,accept,1,0,0,0,1,0,1,0,0,0,1,0
loan,participant-129,analogy,LP002068,9,accept,accept,reject,reject,1,0,0,0,1,0,1,0,0,0,1,0
loan,participant-129,analogy,LP002534,10,accept,accept,reject,accept,1,0,1,1,0,1,1,0,1,0,0,0
loan,participant-106,analogy,LP002840,1,reject,reject,accept,reject,1,0,1,1,0,1,1,0,1,0,0,0
loan,participant-106,analogy,LP002068,2,accept,accept,reject,reject,1,0,0,0,1,0,1,0,0,0,1,0
loan,participant-106,analogy,LP001882,3,accept,accept,accept,accept,1,1,1,1,0,0,0,0,1,0,0,0
loan,participant-106,analogy,LP002181,4,reject,reject,reject,reject,1,1,1,1,0,0,0,0,1,0,0,0
loan,participant-106,analogy,LP002534,5,accept,accept,accept,accept,1,1,1,1,0,0,0,0,1,0,0,0
loan,participant-106,analogy,LP001806,6,accept,reject,accept,accept,0,1,1,0,1,0,0,1,1,1,0,0
loan,participant-106,analogy,LP002142,7,reject,accept,accept,accept,0,0,0,1,0,0,0,0,0,0,0,1
loan,participant-106,analogy,LP001849,8,reject,reject,reject,reject,1,1,1,1,0,0,0,0,1,0,0,0
loan,participant-106,analogy,LP001030,9,accept,reject,reject,reject,0,0,0,1,0,0,0,0,0,0,0,1
loan,participant-106,analogy,LP001451,10,reject,reject,accept,accept,1,0,0,0,1,0,1,0,0,0,1,0
loan,participant-181,analogy,LP001806,1,accept,accept,accept,accept,1,1,1,1,0,0,0,0,1,0,0,0
loan,participant-181,analogy,LP001882,2,accept,accept,accept,accept,1,1,1,1,0,0,0,0,1,0,0,0
loan,participant-181,analogy,LP001451,3,reject,reject,accept,accept,1,0,0,0,1,0,1,0,0,0,1,0
loan,participant-181,analogy,LP002840,4,reject,reject,accept,accept,1,0,0,0,1,0,1,0,0,0,1,0
loan,participant-181,analogy,LP001030,5,accept,accept,accept,accept,1,1,1,1,0,0,0,0,1,0,0,0
loan,participant-181,analogy,LP002142,6,reject,accept,accept,accept,0,0,0,1,0,0,0,0,0,0,0,1
loan,participant-181,analogy,LP002534,7,accept,accept,accept,accept,1,1,1,1,0,0,0,0,1,0,0,0
loan,participant-181,analogy,LP002068,8,accept,reject,accept,accept,0,1,1,0,1,0,0,1,1,1,0,0
loan,participant-181,analogy,LP002181,9,reject,accept,accept,accept,0,0,0,1,0,0,0,0,0,0,0,1
loan,participant-181,analogy,LP001849,10,reject,reject,accept,accept,1,0,0,0,1,0,1,0,0,0,1,0
loan,participant-84,system,LP002181,1,reject,accept,accept,accept,0,0,0,1,0,0,0,0,0,0,0,1
loan,participant-84,system,LP002068,2,accept,accept,accept,accept,1,1,1,1,0,0,0,0,1,0,0,0
loan,participant-84,system,LP002534,3,accept,accept,accept,accept,1,1,1,1,0,0,0,0,1,0,0,0
loan,participant-84,system,LP001849,4,reject,reject,accept,accept,1,0,0,0,1,0,1,0,0,0,1,0
loan,participant-84,system,LP001806,5,accept,accept,accept,accept,1,1,1,1,0,0,0,0,1,0,0,0
loan,participant-84,system,LP002142,6,reject,accept,reject,reject,0,1,1,0,1,0,0,1,1,1,0,0
loan,participant-84,system,LP001030,7,accept,accept,reject,reject,1,0,0,0,1,0,1,0,0,0,1,0
loan,participant-84,system,LP001882,8,accept,accept,reject,reject,1,0,0,0,1,0,1,0,0,0,1,0
loan,participant-84,system,LP002840,9,reject,reject,accept,accept,1,0,0,0,1,0,1,0,0,0,1,0
loan,participant-84,system,LP001451,10,reject,accept,accept,accept,0,0,0,1,0,0,0,0,0,0,0,1
loan,participant-64,system,LP001451,1,reject,reject,reject,reject,1,1,1,1,0,0,0,0,1,0,0,0
loan,participant-64,system,LP002840,2,reject,reject,accept,accept,1,0,0,0,1,0,1,0,0,0,1,0
loan,participant-64,system,LP001806,3,accept,reject,reject,reject,0,0,0,1,0,0,0,0,0,0,0,1
loan,participant-64,system,LP002068,4,accept,accept,reject,reject,1,0,0,0,1,0,1,0,0,0,1,0
loan,participant-64,system,LP001882,5,accept,accept,reject,reject,1,0,0,0,1,0,1,0,0,0,1,0
loan,participant-64,system,LP002181,6,reject,reject,reject,reject,1,1,1,1,0,0,0,0,1,0,0,0
loan,participant-64,system,LP002534,7,accept,reject,reject,reject,0,0,0,1,0,0,0,0,0,0,0,1
loan,participant-64,system,LP001030,8,accept,reject,accept,accept,0,1,1,0,1,0,0,1,1,1,0,0
loan,participant-64,system,LP001849,9,reject,reject,reject,reject,1,1,1,1,0,0,0,0,1,0,0,0
loan,participant-64,system,LP002142,10,reject,reject,reject,reject,1,1,1,1,0,0,0,0,1,0,0,0
loan,participant-76,analogy,LP001882,1,accept,reject,reject,reject,0,0,0,1,0,0,0,0,0,0,0,1
loan,participant-76,analogy,LP002142,2,reject,reject,reject,reject,1,1,1,1,0,0,0,0,1,0,0,0
loan,participant-76,analogy,LP002840,3,reject,accept,reject,accept,0,1,0,1,0,1,0,1,0,0,0,1
loan,participant-76,analogy,LP001849,4,reject,reject,reject,reject,1,1,1,1,0,0,0,0,1,0,0,0
loan,participant-76,analogy,LP002534,5,accept,accept,reject,reject,1,0,0,0,1,0,1,0,0,0,1,0
loan,participant-76,analogy,LP001030,6,accept,accept,accept,accept,1,1,1,1,0,0,0,0,1,0,0,0
loan,participant-76,analogy,LP001451,7,reject,reject,accept,accept,1,0,0,0,1,0,1,0,0,0,1,0
loan,participant-76,analogy,LP002068,8,accept,accept,reject,reject,1,0,0,0,1,0,1,0,0,0,1,0
loan,participant-76,analogy,LP002181,9,reject,accept,accept,accept,0,0,0,1,0,0,0,0,0,0,0,1
loan,participant-76,analogy,LP001806,10,accept,accept,accept,accept,1,1,1,1,0,0,0,0,1,0,0,0
loan,participant-197,analogy,LP001030,1,accept,reject,accept,accept,0,1,1,0,1,0,0,1,1,1,0,0
loan,participant-197,analogy,LP002181,2,reject,accept,accept,accept,0,0,0,1,0,0,0,0,0,0,0,1
loan,participant-197,analogy,LP001849,3,reject,reject,reject,reject,1,1,1,1,0,0,0,0,1,0,0,0
loan,participant-197,analogy,LP002534,4,accept,accept,reject,accept,1,0,1,1,0,1,1,0,1,0,0,0
loan,participant-197,analogy,LP002142,5,reject,reject,reject,reject,1,1,1,1,0,0,0,0,1,0,0,0
loan,participant-197,analogy,LP002068,6,accept,accept,reject,reject,1,0,0,0,1,0,1,0,0,0,1,0
loan,participant-197,analogy,LP002840,7,reject,reject,accept,accept,1,0,0,0,1,0,1,0,0,0,1,0
loan,participant-197,analogy,LP001806,8,accept,accept,reject,reject,1,0,0,0,1,0,1,0,0,0,1,0
loan,participant-197,analogy,LP001882,9,accept,reject,reject,reject,0,0,0,1,0,0,0,0,0,0,0,1
loan,participant-197,analogy,LP001451,10,reject,reject,reject,reject,1,1,1,1,0,0,0,0,1,0,0,0
loan,participant-211,system,LP002068,1,accept,reject,accept,accept,0,1,1,0,1,0,0,1,1,1,0,0
loan,participant-211,system,LP002534,2,accept,accept,reject,accept,1,0,1,1,0,1,1,0,1,0,0,0
loan,participant-211,system,LP001849,3,reject,reject,accept,reject,1,0,1,1,0,1,1,0,1,0,0,0
loan,participant-211,system,LP002840,4,reject,reject,accept,reject,1,0,1,1,0,1,1,0,1,0,0,0
loan,participant-211,system,LP001030,5,accept,accept,accept,accept,1,1,1,1,0,0,0,0,1,0,0,0
loan,participant-211,system,LP001806,6,accept,accept,reject,accept,1,0,1,1,0,1,1,0,1,0,0,0
loan,participant-211,system,LP002181,7,reject,accept,accept,accept,0,0,0,1,0,0,0,0,0,0,0,1
loan,participant-211,system,LP002142,8,reject,accept,reject,reject,0,1,1,0,1,0,0,1,1,1,0,0
loan,participant-211,system,LP001882,9,accept,accept,accept,accept,1,1,1,1,0,0,0,0,1,0,0,0
loan,participant-211,system,LP001451,10,reject,reject,reject,accept,1,1,0,0,1,1,0,0,0,0,1,0
loan,participant-177,accuracy,LP001030,1,accept,accept,accept,accept,1,1,1,1,0,0,0,0,1,0,0,0
loan,participant-177,accuracy,LP001451,2,reject,reject,accept,accept,1,0,0,0,1,0,1,0,0,0,1,0
loan,participant-177,accuracy,LP001849,3,reject,accept,reject,reject,0,1,1,0,1,0,0,1,1,1,0,0
loan,participant-177,accuracy,LP002840,4,reject,reject,accept,accept,1,0,0,0,1,0,1,0,0,0,1,0
loan,participant-177,accuracy,LP002534,5,accept,reject,reject,reject,0,0,0,1,0,0,0,0,0,0,0,1
loan,participant-177,accuracy,LP002181,6,reject,reject,accept,reject,1,0,1,1,0,1,1,0,1,0,0,0
loan,participant-177,accuracy,LP002142,7,reject,reject,reject,reject,1,1,1,1,0,0,0,0,1,0,0,0
loan,participant-177,accuracy,LP001806,8,accept,accept,accept,accept,1,1,1,1,0,0,0,0,1,0,0,0
loan,participant-177,accuracy,LP001882,9,accept,reject,reject,reject,0,0,0,1,0,0,0,0,0,0,0,1
loan,participant-177,accuracy,LP002068,10,accept,accept,reject,accept,1,0,1,1,0,1,1,0,1,0,0,0
loan,participant-19,system,LP001806,1,accept,reject,reject,reject,0,0,0,1,0,0,0,0,0,0,0,1
loan,participant-19,system,LP001882,2,accept,accept,reject,accept,1,0,1,1,0,1,1,0,1,0,0,0
loan,participant-19,system,LP001849,3,reject,accept,reject,accept,0,1,0,1,0,1,0,1,0,0,0,1
loan,participant-19,system,LP001451,4,reject,reject,reject,reject,1,1,1,1,0,0,0,0,1,0,0,0
loan,participant-19,system,LP002840,5,reject,reject,accept,accept,1,0,0,0,1,0,1,0,0,0,1,0
loan,participant-19,system,LP002181,6,reject,reject,accept,accept,1,0,0,0,1,0,1,0,0,0,1,0
loan,participant-19,system,LP002068,7,accept,accept,reject,reject,1,0,0,0,1,0,1,0,0,0,1,0
loan,participant-19,system,LP002534,8,accept,accept,accept,accept,1,1,1,1,0,0,0,0,1,0,0,0
loan,participant-19,system,LP001030,9,accept,reject,accept,accept,0,1,1,0,1,0,0,1,1,1,0,0
loan,participant-19,system,LP002142,10,reject,reject,reject,reject,1,1,1,1,0,0,0,0,1,0,0,0
loan,participant-204,accuracy,LP002068,1,accept,accept,reject,accept,1,0,1,1,0,1,1,0,1,0,0,0
loan,participant-204,accuracy,LP002181,2,reject,accept,accept,accept,0,0,0,1,0,0,0,0,0,0,0,1
loan,participant-204,accuracy,LP001806,3,accept,reject,accept,reject,0,1,0,1,0,1,0,1,0,0,0,1
loan,participant-204,accuracy,LP001849,4,reject,reject,accept,reject,1,0,1,1,0,1,1,0,1,0,0,0
loan,participant-204,accuracy,LP001451,5,reject,reject,accept,accept,1,0,0,0,1,0,1,0,0,0,1,0
loan,participant-204,accuracy,LP001030,6,accept,accept,accept,accept,1,1,1,1,0,0,0,0,1,0,0,0
loan,participant-204,accuracy,LP002840,7,reject,accept,accept,accept,0,0,0,1,0,0,0,0,0,0,0,1
loan,participant-204,accuracy,LP002142,8,reject,reject,reject,reject,1,1,1,1,0,0,0,0,1,0,0,0
loan,participant-204,accuracy,LP001882,9,accept,accept,reject,accept,1,0,1,1,0,1,1,0,1,0,0,0
loan,participant-204,accuracy,LP002534,10,accept,accept,accept,accept,1,1,1,1,0,0,0,0,1,0,0,0
loan,participant-51,accuracy,LP001882,1,accept,accept,reject,accept,1,0,1,1,0,1,1,0,1,0,0,0
loan,participant-51,accuracy,LP002840,2,reject,reject,accept,reject,1,0,1,1,0,1,1,0,1,0,0,0
loan,participant-51,accuracy,LP001451,3,reject,reject,accept,reject,1,0,1,1,0,1,1,0,1,0,0,0
loan,participant-51,accuracy,LP002181,4,reject,reject,accept,accept,1,0,0,0,1,0,1,0,0,0,1,0
loan,participant-51,accuracy,LP001030,5,accept,reject,accept,accept,0,1,1,0,1,0,0,1,1,1,0,0
loan,participant-51,accuracy,LP002142,6,reject,reject,reject,reject,1,1,1,1,0,0,0,0,1,0,0,0
loan,participant-51,accuracy,LP002534,7,accept,accept,accept,accept,1,1,1,1,0,0,0,0,1,0,0,0
loan,participant-51,accuracy,LP001849,8,reject,reject,reject,reject,1,1,1,1,0,0,0,0,1,0,0,0
loan,participant-51,accuracy,LP002068,9,accept,reject,reject,reject,0,0,0,1,0,0,0,0,0,0,0,1
loan,participant-51,accuracy,LP001806,10,accept,reject,accept,accept,0,1,1,0,1,0,0,1,1,1,0,0
loan,participant-257,analogy,LP001882,1,accept,accept,accept,accept,1,1,1,1,0,0,0,0,1,0,0,0
loan,participant-257,analogy,LP002068,2,accept,reject,reject,reject,0,0,0,1,0,0,0,0,0,0,0,1
loan,participant-257,analogy,LP001806,3,accept,accept,reject,reject,1,0,0,0,1,0,1,0,0,0,1,0
loan,participant-257,analogy,LP001849,4,reject,accept,accept,accept,0,0,0,1,0,0,0,0,0,0,0,1
loan,participant-257,analogy,LP002840,5,reject,reject,accept,accept,1,0,0,0,1,0,1,0,0,0,1,0
loan,participant-257,analogy,LP002142,6,reject,reject,accept,reject,1,0,1,1,0,1,1,0,1,0,0,0
loan,participant-257,analogy,LP002534,7,accept,accept,reject,reject,1,0,0,0,1,0,1,0,0,0,1,0
loan,participant-257,analogy,LP002181,8,reject,reject,accept,accept,1,0,0,0,1,0,1,0,0,0,1,0
loan,participant-257,analogy,LP001451,9,reject,accept,accept,accept,0,0,0,1,0,0,0,0,0,0,0,1
loan,participant-257,analogy,LP001030,10,accept,accept,reject,accept,1,0,1,1,0,1,1,0,1,0,0,0
loan,participant-265,analogy,LP002181,1,reject,reject,accept,reject,1,0,1,1,0,1,1,0,1,0,0,0
loan,participant-265,analogy,LP001882,2,accept,accept,reject,accept,1,0,1,1,0,1,1,0,1,0,0,0
loan,participant-265,analogy,LP002534,3,accept,accept,accept,accept,1,1,1,1,0,0,0,0,1,0,0,0
loan,participant-265,analogy,LP001849,4,reject,reject,accept,reject,1,0,1,1,0,1,1,0,1,0,0,0
loan,participant-265,analogy,LP001451,5,reject,reject,accept,reject,1,0,1,1,0,1,1,0,1,0,0,0
loan,participant-265,analogy,LP002068,6,accept,reject,reject,reject,0,0,0,1,0,0,0,0,0,0,0,1
loan,participant-265,analogy,LP002142,7,reject,reject,accept,reject,1,0,1,1,0,1,1,0,1,0,0,0
loan,participant-265,analogy,LP002840,8,reject,reject,accept,accept,1,0,0,0,1,0,1,0,0,0,1,0
loan,participant-265,analogy,LP001806,9,accept,reject,reject,reject,0,0,0,1,0,0,0,0,0,0,0,1
loan,participant-265,analogy,LP001030,10,accept,reject,accept,accept,0,1,1,0,1,0,0,1,1,1,0,0
loan,participant-230,analogy,LP001849,1,reject,accept,reject,accept,0,1,0,1,0,1,0,1,0,0,0,1
loan,participant-230,analogy,LP001882,2,accept,accept,accept,accept,1,1,1,1,0,0,0,0,1,0,0,0
loan,participant-230,analogy,LP002534,3,accept,reject,accept,accept,0,1,1,0,1,0,0,1,1,1,0,0
loan,participant-230,analogy,LP002840,4,reject,reject,accept,accept,1,0,0,0,1,0,1,0,0,0,1,0
loan,participant-230,analogy,LP002181,5,reject,reject,accept,accept,1,0,0,0,1,0,1,0,0,0,1,0
loan,participant-230,analogy,LP001451,6,reject,reject,accept,accept,1,0,0,0,1,0,1,0,0,0,1,0
loan,participant-230,analogy,LP002068,7,accept,accept,accept,accept,1,1,1,1,0,0,0,0,1,0,0,0
loan,participant-230,analogy,LP001030,8,accept,accept,accept,accept,1,1,1,1,0,0,0,0,1,0,0,0
loan,participant-230,analogy,LP001806,9,accept,accept,accept,accept,1,1,1,1,0,0,0,0,1,0,0,0
loan,participant-230,analogy,LP002142,10,reject,accept,reject,reject,0,1,1,0,1,0,0,1,1,1,0,0
loan,participant-123,accuracy,LP001451,1,reject,accept,accept,accept,0,0,0,1,0,0,0,0,0,0,0,1
loan,participant-123,accuracy,LP001030,2,accept,accept,accept,accept,1,1,1,1,0,0,0,0,1,0,0,0
loan,participant-123,accuracy,LP002181,3,reject,reject,reject,reject,1,1,1,1,0,0,0,0,1,0,0,0
loan,participant-123,accuracy,LP002142,4,reject,accept,reject,reject,0,1,1,0,1,0,0,1,1,1,0,0
loan,participant-123,accuracy,LP002068,5,accept,accept,reject,reject,1,0,0,0,1,0,1,0,0,0,1,0
loan,participant-123,accuracy,LP002840,6,reject,reject,accept,accept,1,0,0,0,1,0,1,0,0,0,1,0
loan,participant-123,accuracy,LP001849,7,reject,accept,reject,reject,0,1,1,0,1,0,0,1,1,1,0,0
loan,participant-123,accuracy,LP001882,8,accept,accept,accept,accept,1,1,1,1,0,0,0,0,1,0,0,0
loan,participant-123,accuracy,LP001806,9,accept,accept,reject,accept,1,0,1,1,0,1,1,0,1,0,0,0
loan,participant-123,accuracy,LP002534,10,accept,accept,accept,accept,1,1,1,1,0,0,0,0,1,0,0,0
loan,participant-37,analogy,LP002534,1,accept,reject,accept,reject,0,1,0,1,0,1,0,1,0,0,0,1
loan,participant-37,analogy,LP002840,2,reject,accept,accept,accept,0,0,0,1,0,0,0,0,0,0,0,1
loan,participant-37,analogy,LP001451,3,reject,reject,accept,reject,1,0,1,1,0,1,1,0,1,0,0,0
loan,participant-37,analogy,LP001849,4,reject,reject,reject,reject,1,1,1,1,0,0,0,0,1,0,0,0
loan,participant-37,analogy,LP001030,5,accept,accept,accept,accept,1,1,1,1,0,0,0,0,1,0,0,0
loan,participant-37,analogy,LP001882,6,accept,reject,accept,accept,0,1,1,0,1,0,0,1,1,1,0,0
loan,participant-37,analogy,LP002068,7,accept,accept,reject,accept,1,0,1,1,0,1,1,0,1,0,0,0
loan,participant-37,analogy,LP002181,8,reject,reject,reject,reject,1,1,1,1,0,0,0,0,1,0,0,0
loan,participant-37,analogy,LP002142,9,reject,reject,accept,accept,1,0,0,0,1,0,1,0,0,0,1,0
loan,participant-37,analogy,LP001806,10,accept,accept,reject,accept,1,0,1,1,0,1,1,0,1,0,0,0
loan,participant-65,system,LP001451,1,reject,reject,accept,reject,1,0,1,1,0,1,1,0,1,0,0,0
loan,participant-65,system,LP002534,2,accept,accept,reject,accept,1,0,1,1,0,1,1,0,1,0,0,0
loan,participant-65,system,LP002840,3,reject,accept,accept,accept,0,0,0,1,0,0,0,0,0,0,0,1
loan,participant-65,system,LP001849,4,reject,reject,accept,reject,1,0,1,1,0,1,1,0,1,0,0,0
loan,participant-65,system,LP002068,5,accept,accept,reject,accept,1,0,1,1,0,1,1,0,1,0,0,0
loan,participant-65,system,LP002181,6,reject,reject,accept,reject,1,0,1,1,0,1,1,0,1,0,0,0
loan,participant-65,system,LP001806,7,accept,reject,accept,reject,0,1,0,1,0,1,0,1,0,0,0,1
loan,participant-65,system,LP002142,8,reject,reject,accept,reject,1,0,1,1,0,1,1,0,1,0,0,0
loan,participant-65,system,LP001030,9,accept,reject,accept,reject,0,1,0,1,0,1,0,1,0,0,0,1
loan,participant-65,system,LP001882,10,accept,accept,accept,accept,1,1,1,1,0,0,0,0,1,0,0,0
loan,participant-43,analogy,LP001882,1,accept,accept,reject,reject,1,0,0,0,1,0,1,0,0,0,1,0
loan,participant-43,analogy,LP002534,2,accept,accept,accept,accept,1,1,1,1,0,0,0,0,1,0,0,0
loan,participant-43,analogy,LP001451,3,reject,reject,accept,accept,1,0,0,0,1,0,1,0,0,0,1,0
loan,participant-43,analogy,LP001030,4,accept,reject,accept,accept,0,1,1,0,1,0,0,1,1,1,0,0
loan,participant-43,analogy,LP002142,5,reject,reject,accept,accept,1,0,0,0,1,0,1,0,0,0,1,0
loan,participant-43,analogy,LP002181,6,reject,reject,accept,accept,1,0,0,0,1,0,1,0,0,0,1,0
loan,participant-43,analogy,LP001849,7,reject,accept,accept,accept,0,0,0,1,0,0,0,0,0,0,0,1
loan,participant-43,analogy,LP002068,8,accept,accept,accept,accept,1,1,1,1,0,0,0,0,1,0,0,0
loan,participant-43,analogy,LP001806,9,accept,accept,reject,reject,1,0,0,0,1,0,1,0,0,0,1,0
loan,participant-43,analogy,LP002840,10,reject,accept,accept,accept,0,0,0,1,0,0,0,0,0,0,0,1
loan,participant-236,system,LP002142,1,reject,reject,reject,reject,1,1,1,1,0,0,0,0,1,0,0,0
loan,participant-236,system,LP002068,2,accept,reject,reject,reject,0,0,0,1,0,0,0,0,0,0,0,1
loan,participant-236,system,LP001882,3,accept,accept,reject,accept,1,0,1,1,0,1,1,0,1,0,0,0
loan,participant-236,system,LP001030,4,accept,reject,accept,accept,0,1,1,0,1,0,0,1,1,1,0,0
loan,participant-236,system,LP002840,5,reject,reject,accept,accept,1,0,0,0,1,0,1,0,0,0,1,0
loan,participant-236,system,LP002181,6,reject,reject,accept,accept,1,0,0,0,1,0,1,0,0,0,1,0
loan,participant-236,system,LP002534,7,accept,accept,reject,accept,1,0,1,1,0,1,1,0,1,0,0,0
loan,participant-236,system,LP001806,8,accept,reject,accept,reject,0,1,0,1,0,1,0,1,0,0,0,1
loan,participant-236,system,LP001849,9,reject,reject,reject,reject,1,1,1,1,0,0,0,0,1,0,0,0
loan,participant-236,system,LP001451,10,reject,reject,accept,reject,1,0,1,1,0,1,1,0,1,0,0,0
loan,participant-100,accuracy,LP002840,1,reject,reject,reject,reject,1,1,1,1,0,0,0,0,1,0,0,0
loan,participant-100,accuracy,LP002068,2,accept,reject,reject,reject,0,0,0,1,0,0,0,0,0,0,0,1
loan,participant-100,accuracy,LP001030,3,accept,accept,accept,accept,1,1,1,1,0,0,0,0,1,0,0,0
loan,participant-100,accuracy,LP001806,4,accept,accept,accept,accept,1,1,1,1,0,0,0,0,1,0,0,0
loan,participant-100,accuracy,LP001882,5,accept,reject,accept,accept,0,1,1,0,1,0,0,1,1,1,0,0
loan,participant-100,accuracy,LP001849,6,reject,accept,reject,accept,0,1,0,1,0,1,0,1,0,0,0,1
loan,participant-100,accuracy,LP001451,7,reject,reject,accept,reject,1,0,1,1,0,1,1,0,1,0,0,0
loan,participant-100,accuracy,LP002534,8,accept,accept,reject,accept,1,0,1,1,0,1,1,0,1,0,0,0
loan,participant-100,accuracy,LP002142,9,reject,reject,reject,reject,1,1,1,1,0,0,0,0,1,0,0,0
loan,participant-100,accuracy,LP002181,10,reject,reject,accept,reject,1,0,1,1,0,1,1,0,1,0,0,0
loan,participant-70,system,LP002068,1,accept,reject,accept,reject,0,1,0,1,0,1,0,1,0,0,0,1
loan,participant-70,system,LP002142,2,reject,reject,reject,reject,1,1,1,1,0,0,0,0,1,0,0,0
loan,participant-70,system,LP002840,3,reject,reject,accept,accept,1,0,0,0,1,0,1,0,0,0,1,0
loan,participant-70,system,LP001806,4,accept,reject,accept,accept,0,1,1,0,1,0,0,1,1,1,0,0
loan,participant-70,system,LP002181,5,reject,reject,accept,accept,1,0,0,0,1,0,1,0,0,0,1,0
loan,participant-70,system,LP001451,6,reject,accept,accept,accept,0,0,0,1,0,0,0,0,0,0,0,1
loan,participant-70,system,LP001849,7,reject,reject,accept,reject,1,0,1,1,0,1,1,0,1,0,0,0
loan,participant-70,system,LP001882,8,accept,accept,reject,accept,1,0,1,1,0,1,1,0,1,0,0,0
loan,participant-70,system,LP002534,9,accept,accept,accept,accept,1,1,1,1,0,0,0,0,1,0,0,0
loan,participant-70,system,LP001030,10,accept,accept,accept,accept,1,1,1,1,0,0,0,0,1,0,0,0
loan,participant-144,analogy,LP001849,1,reject,reject,accept,accept,1,0,0,0,1,0,1,0,0,0,1,0
loan,participant-144,analogy,LP001451,2,reject,reject,accept,accept,1,0,0,0,1,0,1,0,0,0,1,0
loan,participant-144,analogy,LP002840,3,reject,accept,accept,accept,0,0,0,1,0,0,0,0,0,0,0,1
loan,participant-144,analogy,LP002534,4,accept,accept,reject,accept,1,0,1,1,0,1,1,0,1,0,0,0
loan,participant-144,analogy,LP002142,5,reject,reject,accept,accept,1,0,0,0,1,0,1,0,0,0,1,0
loan,participant-144,analogy,LP002068,6,accept,reject,accept,accept,0,1,1,0,1,0,0,1,1,1,0,0
loan,participant-144,analogy,LP002181,7,reject,reject,accept,accept,1,0,0,0,1,0,1,0,0,0,1,0
loan,participant-144,analogy,LP001030,8,accept,reject,reject,reject,0,0,0,1,0,0,0,0,0,0,0,1
loan,participant-144,analogy,LP001806,9,accept,accept,reject,reject,1,0,0,0,1,0,1,0,0,0,1,0
loan,participant-144,analogy,LP001882,10,accept,accept,accept,accept,1,1,1,1,0,0,0,0,1,0,0,0
loan,participant-126,accuracy,LP001451,1,reject,accept,reject,accept,0,1,0,1,0,1,0,1,0,0,0,1
loan,participant-126,accuracy,LP002181,2,reject,reject,reject,reject,1,1,1,1,0,0,0,0,1,0,0,0
loan,participant-126,accuracy,LP002840,3,reject,reject,accept,accept,1,0,0,0,1,0,1,0,0,0,1,0
loan,participant-126,accuracy,LP001030,4,accept,accept,accept,accept,1,1,1,1,0,0,0,0,1,0,0,0
loan,participant-126,accuracy,LP002534,5,accept,accept,reject,reject,1,0,0,0,1,0,1,0,0,0,1,0
loan,participant-126,accuracy,LP002068,6,accept,reject,reject,reject,0,0,0,1,0,0,0,0,0,0,0,1
loan,participant-126,accuracy,LP002142,7,reject,reject,reject,reject,1,1,1,1,0,0,0,0,1,0,0,0
loan,participant-126,accuracy,LP001806,8,accept,accept,reject,reject,1,0,0,0,1,0,1,0,0,0,1,0
loan,participant-126,accuracy,LP001849,9,reject,reject,reject,reject,1,1,1,1,0,0,0,0,1,0,0,0
loan,participant-126,accuracy,LP001882,10,accept,reject,accept,reject,0,1,0,1,0,1,0,1,0,0,0,1
loan,participant-235,analogy,LP001451,1,reject,accept,reject,reject,0,1,1,0,1,0,0,1,1,1,0,0
loan,participant-235,analogy,LP002068,2,accept,accept,reject,reject,1,0,0,0,1,0,1,0,0,0,1,0
loan,participant-235,analogy,LP001030,3,accept,accept,accept,accept,1,1,1,1,0,0,0,0,1,0,0,0
loan,participant-235,analogy,LP002840,4,reject,reject,accept,reject,1,0,1,1,0,1,1,0,1,0,0,0
loan,participant-235,analogy,LP001806,5,accept,reject,accept,reject,0,1,0,1,0,1,0,1,0,0,0,1
loan,participant-235,analogy,LP001882,6,accept,accept,accept,accept,1,1,1,1,0,0,0,0,1,0,0,0
loan,participant-235,analogy,LP002181,7,reject,reject,reject,reject,1,1,1,1,0,0,0,0,1,0,0,0
loan,participant-235,analogy,LP002142,8,reject,accept,reject,accept,0,1,0,1,0,1,0,1,0,0,0,1
loan,participant-235,analogy,LP001849,9,reject,reject,accept,accept,1,0,0,0,1,0,1,0,0,0,1,0
loan,participant-235,analogy,LP002534,10,accept,accept,reject,reject,1,0,0,0,1,0,1,0,0,0,1,0
loan,participant-241,system,LP001849,1,reject,reject,reject,accept,1,1,0,0,1,1,0,0,0,0,1,0
loan,participant-241,system,LP001882,2,accept,accept,reject,reject,1,0,0,0,1,0,1,0,0,0,1,0
loan,participant-241,system,LP001030,3,accept,reject,reject,reject,0,0,0,1,0,0,0,0,0,0,0,1
loan,participant-241,system,LP001451,4,reject,reject,accept,accept,1,0,0,0,1,0,1,0,0,0,1,0
loan,participant-241,system,LP001806,5,accept,reject,reject,reject,0,0,0,1,0,0,0,0,0,0,0,1
loan,participant-241,system,LP002840,6,reject,reject,reject,accept,1,1,0,0,1,1,0,0,0,0,1,0
loan,participant-241,system,LP002181,7,reject,reject,reject,reject,1,1,1,1,0,0,0,0,1,0,0,0
loan,participant-241,system,LP002534,8,accept,reject,reject,reject,0,0,0,1,0,0,0,0,0,0,0,1
loan,participant-241,system,LP002142,9,reject,reject,reject,reject,1,1,1,1,0,0,0,0,1,0,0,0
loan,participant-241,system,LP002068,10,accept,accept,reject,reject,1,0,0,0,1,0,1,0,0,0,1,0
loan,participant-220,system,LP001030,1,accept,accept,accept,accept,1,1,1,1,0,0,0,0,1,0,0,0
loan,participant-220,system,LP001849,2,reject,reject,reject,reject,1,1,1,1,0,0,0,0,1,0,0,0
loan,participant-220,system,LP001806,3,accept,reject,accept,reject,0,1,0,1,0,1,0,1,0,0,0,1
loan,participant-220,system,LP001882,4,accept,accept,accept,accept,1,1,1,1,0,0,0,0,1,0,0,0
loan,participant-220,system,LP002068,5,accept,reject,accept,accept,0,1,1,0,1,0,0,1,1,1,0,0
loan,participant-220,system,LP002534,6,accept,accept,reject,accept,1,0,1,1,0,1,1,0,1,0,0,0
loan,participant-220,system,LP002142,7,reject,reject,reject,reject,1,1,1,1,0,0,0,0,1,0,0,0
loan,participant-220,system,LP002181,8,reject,accept,accept,accept,0,0,0,1,0,0,0,0,0,0,0,1
loan,participant-220,system,LP002840,9,reject,reject,accept,accept,1,0,0,0,1,0,1,0,0,0,1,0
loan,participant-220,system,LP001451,10,reject,reject,accept,accept,1,0,0,0,1,0,1,0,0,0,1,0
loan,participant-261,system,LP002840,1,reject,reject,accept,accept,1,0,0,0,1,0,1,0,0,0,1,0
loan,participant-261,system,LP002142,2,reject,reject,reject,reject,1,1,1,1,0,0,0,0,1,0,0,0
loan,participant-261,system,LP002068,3,accept,accept,reject,reject,1,0,0,0,1,0,1,0,0,0,1,0
loan,participant-261,system,LP002181,4,reject,reject,accept,accept,1,0,0,0,1,0,1,0,0,0,1,0
loan,participant-261,system,LP001849,5,reject,reject,accept,reject,1,0,1,1,0,1,1,0,1,0,0,0
loan,participant-261,system,LP002534,6,accept,accept,reject,accept,1,0,1,1,0,1,1,0,1,0,0,0
loan,participant-261,system,LP001806,7,accept,reject,accept,reject,0,1,0,1,0,1,0,1,0,0,0,1
loan,participant-261,system,LP001030,8,accept,reject,accept,accept,0,1,1,0,1,0,0,1,1,1,0,0
loan,participant-261,system,LP001451,9,reject,reject,accept,accept,1,0,0,0,1,0,1,0,0,0,1,0
loan,participant-261,system,LP001882,10,accept,reject,accept,accept,0,1,1,0,1,0,0,1,1,1,0,0
loan,participant-189,system,LP001849,1,reject,reject,accept,reject,1,0,1,1,0,1,1,0,1,0,0,0
loan,participant-189,system,LP002534,2,accept,accept,reject,accept,1,0,1,1,0,1,1,0,1,0,0,0
loan,participant-189,system,LP002142,3,reject,reject,accept,accept,1,0,0,0,1,0,1,0,0,0,1,0
loan,participant-189,system,LP002068,4,accept,accept,reject,reject,1,0,0,0,1,0,1,0,0,0,1,0
loan,participant-189,system,LP002181,5,reject,accept,accept,accept,0,0,0,1,0,0,0,0,0,0,0,1
loan,participant-189,system,LP001030,6,accept,accept,accept,accept,1,1,1,1,0,0,0,0,1,0,0,0
loan,participant-189,system,LP001882,7,accept,accept,reject,reject,1,0,0,0,1,0,1,0,0,0,1,0
loan,participant-189,system,LP001451,8,reject,accept,accept,accept,0,0,0,1,0,0,0,0,0,0,0,1
loan,participant-189,system,LP001806,9,accept,accept,reject,reject,1,0,0,0,1,0,1,0,0,0,1,0
loan,participant-189,system,LP002840,10,reject,accept,accept,accept,0,0,0,1,0,0,0,0,0,0,0,1
loan,participant-17,analogy,LP002068,1,accept,accept,reject,reject,1,0,0,0,1,0,1,0,0,0,1,0
loan,participant-17,analogy,LP001882,2,accept,accept,reject,accept,1,0,1,1,0,1,1,0,1,0,0,0
loan,participant-17,analogy,LP002142,3,reject,reject,accept,reject,1,0,1,1,0,1,1,0,1,0,0,0
loan,participant-17,analogy,LP001806,4,accept,reject,accept,accept,0,1,1,0,1,0,0,1,1,1,0,0
loan,participant-17,analogy,LP002534,5,accept,accept,reject,reject,1,0,0,0,1,0,1,0,0,0,1,0
loan,participant-17,analogy,LP001030,6,accept,reject,accept,accept,0,1,1,0,1,0,0,1,1,1,0,0
loan,participant-17,analogy,LP002181,7,reject,reject,reject,reject,1,1,1,1,0,0,0,0,1,0,0,0
loan,participant-17,analogy,LP001451,8,reject,reject,accept,accept,1,0,0,0,1,0,1,0,0,0,1,0
loan,participant-17,analogy,LP002840,9,reject,reject,accept,accept,1,0,0,0,1,0,1,0,0,0,1,0
loan,participant-17,analogy,LP001849,10,reject,accept,accept,accept,0,0,0,1,0,0,0,0,0,0,0,1
loan,participant-131,accuracy,LP001806,1,accept,reject,accept,accept,0,1,1,0,1,0,0,1,1,1,0,0
loan,participant-131,accuracy,LP002068,2,accept,accept,reject,reject,1,0,0,0,1,0,1,0,0,0,1,0
loan,participant-131,accuracy,LP002534,3,accept,accept,accept,accept,1,1,1,1,0,0,0,0,1,0,0,0
loan,participant-131,accuracy,LP002840,4,reject,reject,reject,reject,1,1,1,1,0,0,0,0,1,0,0,0
loan,participant-131,accuracy,LP001030,5,accept,accept,reject,accept,1,0,1,1,0,1,1,0,1,0,0,0
loan,participant-131,accuracy,LP001451,6,reject,reject,accept,accept,1,0,0,0,1,0,1,0,0,0,1,0
loan,participant-131,accuracy,LP001849,7,reject,reject,reject,reject,1,1,1,1,0,0,0,0,1,0,0,0
loan,participant-131,accuracy,LP002142,8,reject,accept,accept,accept,0,0,0,1,0,0,0,0,0,0,0,1
loan,participant-131,accuracy,LP002181,9,reject,reject,reject,reject,1,1,1,1,0,0,0,0,1,0,0,0
loan,participant-131,accuracy,LP001882,10,accept,reject,accept,reject,0,1,0,1,0,1,0,1,0,0,0,1
loan,participant-185,accuracy,LP002142,1,reject,reject,accept,accept,1,0,0,0,1,0,1,0,0,0,1,0
loan,participant-185,accuracy,LP002181,2,reject,reject,accept,accept,1,0,0,0,1,0,1,0,0,0,1,0
loan,participant-185,accuracy,LP001806,3,accept,accept,accept,accept,1,1,1,1,0,0,0,0,1,0,0,0
loan,participant-185,accuracy,LP002534,4,accept,accept,reject,reject,1,0,0,0,1,0,1,0,0,0,1,0
loan,participant-185,accuracy,LP001882,5,accept,reject,reject,reject,0,0,0,1,0,0,0,0,0,0,0,1
loan,participant-185,accuracy,LP001030,6,accept,reject,accept,accept,0,1,1,0,1,0,0,1,1,1,0,0
loan,participant-185,accuracy,LP002068,7,accept,accept,accept,accept,1,1,1,1,0,0,0,0,1,0,0,0
loan,participant-185,accuracy,LP001451,8,reject,reject,accept,accept,1,0,0,0,1,0,1,0,0,0,1,0
loan,participant-185,accuracy,LP002840,9,reject,reject,accept,accept,1,0,0,0,1,0,1,0,0,0,1,0
loan,participant-185,accuracy,LP001849,10,reject,accept,reject,accept,0,1,0,1,0,1,0,1,0,0,0,1
loan,participant-81,analogy,LP001849,1,reject,reject,accept,reject,1,0,1,1,0,1,1,0,1,0,0,0
loan,participant-81,analogy,LP002840,2,reject,accept,reject,reject,0,1,1,0,1,0,0,1,1,1,0,0
loan,participant-81,analogy,LP002068,3,accept,accept,reject,reject,1,0,0,0,1,0,1,0,0,0,1,0
loan,participant-81,analogy,LP001882,4,accept,accept,reject,reject,1,0,0,0,1,0,1,0,0,0,1,0
loan,participant-81,analogy,LP002142,5,reject,reject,accept,accept,1,0,0,0,1,0,1,0,0,0,1,0
loan,participant-81,analogy,LP002534,6,accept,reject,accept,reject,0,1,0,1,0,1,0,1,0,0,0,1
loan,participant-81,analogy,LP002181,7,reject,accept,accept,accept,0,0,0,1,0,0,0,0,0,0,0,1
loan,participant-81,analogy,LP001451,8,reject,reject,accept,accept,1,0,0,0,1,0,1,0,0,0,1,0
loan,participant-81,analogy,LP001806,9,accept,accept,reject,reject,1,0,0,0,1,0,1,0,0,0,1,0
loan,participant-81,analogy,LP001030,10,accept,accept,accept,accept,1,1,1,1,0,0,0,0,1,0,0,0
loan,participant-213,accuracy,LP001030,1,accept,accept,accept,accept,1,1,1,1,0,0,0,0,1,0,0,0
loan,participant-213,accuracy,LP002181,2,reject,accept,accept,accept,0,0,0,1,0,0,0,0,0,0,0,1
loan,participant-213,accuracy,LP001849,3,reject,reject,reject,reject,1,1,1,1,0,0,0,0,1,0,0,0
loan,participant-213,accuracy,LP001806,4,accept,accept,reject,reject,1,0,0,0,1,0,1,0,0,0,1,0
loan,participant-213,accuracy,LP002840,5,reject,reject,accept,accept,1,0,0,0,1,0,1,0,0,0,1,0
loan,participant-213,accuracy,LP001882,6,accept,accept,reject,reject,1,0,0,0,1,0,1,0,0,0,1,0
loan,participant-213,accuracy,LP001451,7,reject,reject,accept,reject,1,0,1,1,0,1,1,0,1,0,0,0
loan,participant-213,accuracy,LP002142,8,reject,accept,reject,accept,0,1,0,1,0,1,0,1,0,0,0,1
loan,participant-213,accuracy,LP002534,9,accept,reject,accept,accept,0,1,1,0,1,0,0,1,1,1,0,0
loan,participant-213,accuracy,LP002068,10,accept,accept,reject,accept,1,0,1,1,0,1,1,0,1,0,0,0
loan,participant-256,system,LP001849,1,reject,reject,reject,reject,1,1,1,1,0,0,0,0,1,0,0,0
loan,participant-256,system,LP002068,2,accept,reject,reject,reject,0,0,0,1,0,0,0,0,0,0,0,1
loan,participant-256,system,LP001451,3,reject,reject,accept,accept,1,0,0,0,1,0,1,0,0,0,1,0
loan,participant-256,system,LP002142,4,reject,reject,reject,reject,1,1,1,1,0,0,0,0,1,0,0,0
loan,participant-256,system,LP002181,5,reject,reject,accept,accept,1,0,0,0,1,0,1,0,0,0,1,0
loan,participant-256,system,LP001882,6,accept,accept,accept,accept,1,1,1,1,0,0,0,0,1,0,0,0
loan,participant-256,system,LP002534,7,accept,accept,accept,accept,1,1,1,1,0,0,0,0,1,0,0,0
loan,participant-256,system,LP001806,8,accept,accept,accept,accept,1,1,1,1,0,0,0,0,1,0,0,0
loan,participant-256,system,LP001030,9,accept,reject,accept,accept,0,1,1,0,1,0,0,1,1,1,0,0
loan,participant-256,system,LP002840,10,reject,accept,accept,accept,0,0,0,1,0,0,0,0,0,0,0,1
loan,participant-29,accuracy,LP002181,1,reject,accept,accept,accept,0,0,0,1,0,0,0,0,0,0,0,1
loan,participant-29,accuracy,LP002068,2,accept,reject,reject,reject,0,0,0,1,0,0,0,0,0,0,0,1
loan,participant-29,accuracy,LP002840,3,reject,reject,accept,accept,1,0,0,0,1,0,1,0,0,0,1,0
loan,participant-29,accuracy,LP001882,4,accept,accept,reject,reject,1,0,0,0,1,0,1,0,0,0,1,0
loan,participant-29,accuracy,LP001030,5,accept,accept,accept,accept,1,1,1,1,0,0,0,0,1,0,0,0
loan,participant-29,accuracy,LP002142,6,reject,reject,reject,reject,1,1,1,1,0,0,0,0,1,0,0,0
loan,participant-29,accuracy,LP001849,7,reject,reject,reject,reject,1,1,1,1,0,0,0,0,1,0,0,0
loan,participant-29,accuracy,LP001806,8,accept,accept,reject,reject,1,0,0,0,1,0,1,0,0,0,1,0
loan,participant-29,accuracy,LP002534,9,accept,reject,accept,accept,0,1,1,0,1,0,0,1,1,1,0,0
loan,participant-29,accuracy,LP001451,10,reject,reject,accept,accept,1,0,0,0,1,0,1,0,0,0,1,0
loan,participant-188,system,LP001882,1,accept,reject,reject,reject,0,0,0,1,0,0,0,0,0,0,0,1
loan,participant-188,system,LP001806,2,accept,accept,reject,accept,1,0,1,1,0,1,1,0,1,0,0,0
loan,participant-188,system,LP002534,3,accept,accept,accept,accept,1,1,1,1,0,0,0,0,1,0,0,0
loan,participant-188,system,LP002840,4,reject,reject,accept,accept,1,0,0,0,1,0,1,0,0,0,1,0
loan,participant-188,system,LP001451,5,reject,reject,reject,reject,1,1,1,1,0,0,0,0,1,0,0,0
loan,participant-188,system,LP002142,6,reject,accept,reject,accept,0,1,0,1,0,1,0,1,0,0,0,1
loan,participant-188,system,LP001030,7,accept,accept,accept,accept,1,1,1,1,0,0,0,0,1,0,0,0
loan,participant-188,system,LP002181,8,reject,accept,accept,accept,0,0,0,1,0,0,0,0,0,0,0,1
loan,participant-188,system,LP002068,9,accept,accept,reject,accept,1,0,1,1,0,1,1,0,1,0,0,0
loan,participant-188,system,LP001849,10,reject,reject,accept,reject,1,0,1,1,0,1,1,0,1,0,0,0
loan,participant-259,system,LP001030,1,accept,accept,accept,accept,1,1,1,1,0,0,0,0,1,0,0,0
loan,participant-259,system,LP001849,2,reject,reject,reject,reject,1,1,1,1,0,0,0,0,1,0,0,0
loan,participant-259,system,LP001451,3,reject,reject,reject,reject,1,1,1,1,0,0,0,0,1,0,0,0
loan,participant-259,system,LP001806,4,accept,accept,accept,accept,1,1,1,1,0,0,0,0,1,0,0,0
loan,participant-259,system,LP002068,5,accept,reject,reject,reject,0,0,0,1,0,0,0,0,0,0,0,1
loan,participant-259,system,LP001882,6,accept,reject,reject,reject,0,0,0,1,0,0,0,0,0,0,0,1
loan,participant-259,system,LP002840,7,reject,accept,accept,accept,0,0,0,1,0,0,0,0,0,0,0,1
loan,participant-259,system,LP002142,8,reject,reject,reject,reject,1,1,1,1,0,0,0,0,1,0,0,0
loan,participant-259,system,LP002181,9,reject,reject,accept,reject,1,0,1,1,0,1,1,0,1,0,0,0
loan,participant-259,system,LP002534,10,accept,accept,reject,accept,1,0,1,1,0,1,1,0,1,0,0,0
loan,participant-53,system,LP002534,1,accept,accept,accept,accept,1,1,1,1,0,0,0,0,1,0,0,0
loan,participant-53,system,LP002840,2,reject,reject,accept,accept,1,0,0,0,1,0,1,0,0,0,1,0
loan,participant-53,system,LP001030,3,accept,accept,reject,accept,1,0,1,1,0,1,1,0,1,0,0,0
loan,participant-53,system,LP001806,4,accept,reject,reject,reject,0,0,0,1,0,0,0,0,0,0,0,1
loan,participant-53,system,LP001882,5,accept,accept,reject,reject,1,0,0,0,1,0,1,0,0,0,1,0
loan,participant-53,system,LP002142,6,reject,accept,reject,accept,0,1,0,1,0,1,0,1,0,0,0,1
loan,participant-53,system,LP001451,7,reject,accept,accept,accept,0,0,0,1,0,0,0,0,0,0,0,1
loan,participant-53,system,LP001849,8,reject,reject,reject,reject,1,1,1,1,0,0,0,0,1,0,0,0
loan,participant-53,system,LP002068,9,accept,accept,reject,accept,1,0,1,1,0,1,1,0,1,0,0,0
loan,participant-53,system,LP002181,10,reject,reject,accept,accept,1,0,0,0,1,0,1,0,0,0,1,0
loan,participant-97,accuracy,LP001806,1,accept,accept,accept,accept,1,1,1,1,0,0,0,0,1,0,0,0
loan,participant-97,accuracy,LP002840,2,reject,reject,accept,accept,1,0,0,0,1,0,1,0,0,0,1,0
loan,participant-97,accuracy,LP001451,3,reject,reject,accept,accept,1,0,0,0,1,0,1,0,0,0,1,0
loan,participant-97,accuracy,LP001030,4,accept,reject,reject,reject,0,0,0,1,0,0,0,0,0,0,0,1
loan,participant-97,accuracy,LP002181,5,reject,reject,accept,reject,1,0,1,1,0,1,1,0,1,0,0,0
loan,participant-97,accuracy,LP002068,6,accept,reject,reject,reject,0,0,0,1,0,0,0,0,0,0,0,1
loan,participant-97,accuracy,LP002142,7,reject,reject,accept,accept,1,0,0,0,1,0,1,0,0,0,1,0
loan,participant-97,accuracy,LP001882,8,accept,reject,reject,reject,0,0,0,1,0,0,0,0,0,0,0,1
loan,participant-97,accuracy,LP002534,9,accept,accept,reject,reject,1,0,0,0,1,0,1,0,0,0,1,0
loan,participant-97,accuracy,LP001849,10,reject,reject,accept,accept,1,0,0,0,1,0,1,0,0,0,1,0
loan,participant-112,accuracy,LP001882,1,accept,accept,reject,accept,1,0,1,1,0,1,1,0,1,0,0,0
loan,participant-112,accuracy,LP002840,2,reject,reject,accept,accept,1,0,0,0,1,0,1,0,0,0,1,0
loan,participant-112,accuracy,LP001030,3,accept,reject,reject,reject,0,0,0,1,0,0,0,0,0,0,0,1
loan,participant-112,accuracy,LP002068,4,accept,accept,accept,accept,1,1,1,1,0,0,0,0,1,0,0,0
loan,participant-112,accuracy,LP001849,5,reject,accept,accept,accept,0,0,0,1,0,0,0,0,0,0,0,1
loan,participant-112,accuracy,LP002142,6,reject,reject,accept,reject,1,0,1,1,0,1,1,0,1,0,0,0
loan,participant-112,accuracy,LP002534,7,accept,accept,reject,reject,1,0,0,0,1,0,1,0,0,0,1,0
loan,participant-112,accuracy,LP001806,8,accept,accept,accept,accept,1,1,1,1,0,0,0,0,1,0,0,0
loan,participant-112,accuracy,LP001451,9,reject,accept,accept,accept,0,0,0,1,0,0,0,0,0,0,0,1
loan,participant-112,accuracy,LP002181,10,reject,reject,reject,reject,1,1,1,1,0,0,0,0,1,0,0,0
loan,participant-52,analogy,LP001030,1,accept,accept,accept,accept,1,1,1,1,0,0,0,0,1,0,0,0
loan,participant-52,analogy,LP002068,2,accept,reject,accept,accept,0,1,1,0,1,0,0,1,1,1,0,0
loan,participant-52,analogy,LP002840,3,reject,reject,accept,accept,1,0,0,0,1,0,1,0,0,0,1,0
loan,participant-52,analogy,LP001849,4,reject,reject,accept,accept,1,0,0,0,1,0,1,0,0,0,1,0
loan,participant-52,analogy,LP001451,5,reject,accept,accept,accept,0,0,0,1,0,0,0,0,0,0,0,1
loan,participant-52,analogy,LP001882,6,accept,reject,reject,reject,0,0,0,1,0,0,0,0,0,0,0,1
loan,participant-52,analogy,LP001806,7,accept,accept,reject,accept,1,0,1,1,0,1,1,0,1,0,0,0
loan,participant-52,analogy,LP002534,8,accept,accept,reject,accept,1,0,1,1,0,1,1,0,1,0,0,0
loan,participant-52,analogy,LP002142,9,reject,reject,accept,accept,1,0,0,0,1,0,1,0,0,0,1,0
loan,participant-52,analogy,LP002181,10,reject,reject,accept,reject,1,0,1,1,0,1,1,0,1,0,0,0
loan,participant-172,system,LP002068,1,accept,reject,accept,reject,0,1,0,1,0,1,0,1,0,0,0,1
loan,participant-172,system,LP001451,2,reject,reject,reject,reject,1,1,1,1,0,0,0,0,1,0,0,0
loan,participant-172,system,LP002181,3,reject,reject,accept,reject,1,0,1,1,0,1,1,0,1,0,0,0
loan,participant-172,system,LP002534,4,accept,accept,reject,accept,1,0,1,1,0,1,1,0,1,0,0,0
loan,participant-172,system,LP001849,5,reject,reject,accept,reject,1,0,1,1,0,1,1,0,1,0,0,0
loan,participant-172,system,LP002840,6,reject,accept,reject,accept,0,1,0,1,0,1,0,1,0,0,0,1
loan,participant-172,system,LP002142,7,reject,accept,accept,accept,0,0,0,1,0,0,0,0,0,0,0,1
loan,participant-172,system,LP001806,8,accept,accept,reject,accept,1,0,1,1,0,1,1,0,1,0,0,0
loan,participant-172,system,LP001882,9,accept,accept,accept,accept,1,1,1,1,0,0,0,0,1,0,0,0
loan,participant-172,system,LP001030,10,accept,accept,accept,accept,1,1,1,1,0,0,0,0,1,0,0,0
loan,participant-98,system,LP001849,1,reject,reject,reject,reject,1,1,1,1,0,0,0,0,1,0,0,0
loan,participant-98,system,LP002068,2,accept,accept,reject,accept,1,0,1,1,0,1,1,0,1,0,0,0
loan,participant-98,system,LP002142,3,reject,reject,accept,accept,1,0,0,0,1,0,1,0,0,0,1,0
loan,participant-98,system,LP001451,4,reject,accept,accept,accept,0,0,0,1,0,0,0,0,0,0,0,1
loan,participant-98,system,LP001806,5,accept,accept,accept,accept,1,1,1,1,0,0,0,0,1,0,0,0
loan,participant-98,system,LP002534,6,accept,reject,accept,reject,0,1,0,1,0,1,0,1,0,0,0,1
loan,participant-98,system,LP001882,7,accept,accept,accept,accept,1,1,1,1,0,0,0,0,1,0,0,0
loan,participant-98,system,LP001030,8,accept,accept,reject,accept,1,0,1,1,0,1,1,0,1,0,0,0
loan,participant-98,system,LP002181,9,reject,reject,accept,accept,1,0,0,0,1,0,1,0,0,0,1,0
loan,participant-98,system,LP002840,10,reject,accept,accept,accept,0,0,0,1,0,0,0,0,0,0,0,1
loan,participant-187,accuracy,LP001806,1,accept,accept,accept,accept,1,1,1,1,0,0,0,0,1,0,0,0
loan,participant-187,accuracy,LP002534,2,accept,reject,accept,accept,0,1,1,0,1,0,0,1,1,1,0,0
loan,participant-187,accuracy,LP001849,3,reject,accept,accept,accept,0,0,0,1,0,0,0,0,0,0,0,1
loan,participant-187,accuracy,LP002181,4,reject,reject,accept,accept,1,0,0,0,1,0,1,0,0,0,1,0
loan,participant-187,accuracy,LP001882,5,accept,accept,accept,accept,1,1,1,1,0,0,0,0,1,0,0,0
loan,participant-187,accuracy,LP001030,6,accept,accept,accept,accept,1,1,1,1,0,0,0,0,1,0,0,0
loan,participant-187,accuracy,LP002840,7,reject,reject,accept,reject,1,0,1,1,0,1,1,0,1,0,0,0
loan,participant-187,accuracy,LP002142,8,reject,reject,accept,reject,1,0,1,1,0,1,1,0,1,0,0,0
loan,participant-187,accuracy,LP002068,9,accept,accept,reject,reject,1,0,0,0,1,0,1,0,0,0,1,0
loan,participant-187,accuracy,LP001451,10,reject,accept,accept,accept,0,0,0,1,0,0,0,0,0,0,0,1
loan,participant-176,analogy,LP002534,1,accept,accept,accept,accept,1,1,1,1,0,0,0,0,1,0,0,0
loan,participant-176,analogy,LP002068,2,accept,reject,reject,reject,0,0,0,1,0,0,0,0,0,0,0,1
loan,participant-176,analogy,LP001451,3,reject,reject,accept,accept,1,0,0,0,1,0,1,0,0,0,1,0
loan,participant-176,analogy,LP002142,4,reject,reject,reject,reject,1,1,1,1,0,0,0,0,1,0,0,0
loan,participant-176,analogy,LP001806,5,accept,accept,reject,accept,1,0,1,1,0,1,1,0,1,0,0,0
loan,participant-176,analogy,LP002181,6,reject,accept,accept,accept,0,0,0,1,0,0,0,0,0,0,0,1
loan,participant-176,analogy,LP002840,7,reject,reject,accept,accept,1,0,0,0,1,0,1,0,0,0,1,0
loan,participant-176,analogy,LP001882,8,accept,accept,reject,accept,1,0,1,1,0,1,1,0,1,0,0,0
loan,participant-176,analogy,LP001030,9,accept,reject,accept,reject,0,1,0,1,0,1,0,1,0,0,0,1
loan,participant-176,analogy,LP001849,10,reject,reject,reject,reject,1,1,1,1,0,0,0,0,1,0,0,0
loan,participant-266,system,LP001451,1,reject,reject,accept,accept,1,0,0,0,1,0,1,0,0,0,1,0
loan,participant-266,system,LP001882,2,accept,reject,accept,reject,0,1,0,1,0,1,0,1,0,0,0,1
loan,participant-266,system,LP002534,3,accept,accept,reject,accept,1,0,1,1,0,1,1,0,1,0,0,0
loan,participant-266,system,LP002068,4,accept,accept,reject,accept,1,0,1,1,0,1,1,0,1,0,0,0
loan,participant-266,system,LP001849,5,reject,accept,reject,reject,0,1,1,0,1,0,0,1,1,1,0,0
loan,participant-266,system,LP002840,6,reject,reject,accept,accept,1,0,0,0,1,0,1,0,0,0,1,0
loan,participant-266,system,LP001806,7,accept,accept,reject,accept,1,0,1,1,0,1,1,0,1,0,0,0
loan,participant-266,system,LP001030,8,accept,accept,accept,accept,1,1,1,1,0,0,0,0,1,0,0,0
loan,participant-266,system,LP002142,9,reject,reject,accept,accept,1,0,0,0,1,0,1,0,0,0,1,0
loan,participant-266,system,LP002181,10,reject,accept,accept,accept,0,0,0,1,0,0,0,0,0,0,0,1
loan,participant-23,accuracy,LP001451,1,reject,accept,accept,accept,0,0,0,1,0,0,0,0,0,0,0,1
loan,participant-23,accuracy,LP001849,2,reject,reject,reject,reject,1,1,1,1,0,0,0,0,1,0,0,0
loan,participant-23,accuracy,LP002840,3,reject,reject,accept,accept,1,0,0,0,1,0,1,0,0,0,1,0
loan,participant-23,accuracy,LP002142,4,reject,accept,reject,reject,0,1,1,0,1,0,0,1,1,1,0,0
loan,participant-23,accuracy,LP001806,5,accept,accept,accept,accept,1,1,1,1,0,0,0,0,1,0,0,0
loan,participant-23,accuracy,LP002534,6,accept,accept,accept,accept,1,1,1,1,0,0,0,0,1,0,0,0
loan,participant-23,accuracy,LP002181,7,reject,reject,accept,accept,1,0,0,0,1,0,1,0,0,0,1,0
loan,participant-23,accuracy,LP002068,8,accept,accept,accept,accept,1,1,1,1,0,0,0,0,1,0,0,0
loan,participant-23,accuracy,LP001030,9,accept,reject,accept,accept,0,1,1,0,1,0,0,1,1,1,0,0
loan,participant-23,accuracy,LP001882,10,accept,accept,accept,accept,1,1,1,1,0,0,0,0,1,0,0,0
loan,participant-86,accuracy,LP001849,1,reject,reject,accept,reject,1,0,1,1,0,1,1,0,1,0,0,0
loan,participant-86,accuracy,LP001030,2,accept,accept,accept,accept,1,1,1,1,0,0,0,0,1,0,0,0
loan,participant-86,accuracy,LP002181,3,reject,accept,accept,accept,0,0,0,1,0,0,0,0,0,0,0,1
loan,participant-86,accuracy,LP002534,4,accept,accept,reject,accept,1,0,1,1,0,1,1,0,1,0,0,0
loan,participant-86,accuracy,LP001451,5,reject,reject,accept,accept,1,0,0,0,1,0,1,0,0,0,1,0
loan,participant-86,accuracy,LP001806,6,accept,reject,reject,reject,0,0,0,1,0,0,0,0,0,0,0,1
loan,participant-86,accuracy,LP002840,7,reject,reject,accept,reject,1,0,1,1,0,1,1,0,1,0,0,0
loan,participant-86,accuracy,LP002142,8,reject,reject,reject,reject,1,1,1,1,0,0,0,0,1,0,0,0
loan,participant-86,accuracy,LP001882,9,accept,accept,accept,accept,1,1,1,1,0,0,0,0,1,0,0,0
loan,participant-86,accuracy,LP002068,10,accept,reject,reject,reject,0,0,0,1,0,0,0,0,0,0,0,1
loan,participant-105,analogy,LP001882,1,accept,reject,reject,reject,0,0,0,1,0,0,0,0,0,0,0,1
loan,participant-105,analogy,LP002534,2,accept,accept,accept,accept,1,1,1,1,0,0,0,0,1,0,0,0
loan,participant-105,analogy,LP002840,3,reject,reject,accept,accept,1,0,0,0,1,0,1,0,0,0,1,0
loan,participant-105,analogy,LP001849,4,reject,reject,accept,reject,1,0,1,1,0,1,1,0,1,0,0,0
loan,participant-105,analogy,LP001806,5,accept,accept,reject,accept,1,0,1,1,0,1,1,0,1,0,0,0
loan,participant-105,analogy,LP002142,6,reject,reject,reject,reject,1,1,1,1,0,0,0,0,1,0,0,0
loan,participant-105,analogy,LP002068,7,accept,accept,reject,accept,1,0,1,1,0,1,1,0,1,0,0,0
loan,participant-105,analogy,LP001451,8,reject,reject,accept,accept,1,0,0,0,1,0,1,0,0,0,1,0
loan,participant-105,analogy,LP002181,9,reject,accept,accept,accept,0,0,0,1,0,0,0,0,0,0,0,1
loan,participant-105,analogy,LP001030,10,accept,reject,accept,accept,0,1,1,0,1,0,0,1,1,1,0,0
loan,participant-59,analogy,LP001451,1,reject,reject,accept,accept,1,0,0,0,1,0,1,0,0,0,1,0
loan,participant-59,analogy,LP002181,2,reject,accept,accept,accept,0,0,0,1,0,0,0,0,0,0,0,1
loan,participant-59,analogy,LP002068,3,accept,reject,reject,reject,0,0,0,1,0,0,0,0,0,0,0,1
loan,participant-59,analogy,LP001882,4,accept,accept,reject,reject,1,0,0,0,1,0,1,0,0,0,1,0
loan,participant-59,analogy,LP001849,5,reject,accept,accept,accept,0,0,0,1,0,0,0,0,0,0,0,1
loan,participant-59,analogy,LP001806,6,accept,accept,accept,accept,1,1,1,1,0,0,0,0,1,0,0,0
loan,participant-59,analogy,LP001030,7,accept,accept,accept,accept,1,1,1,1,0,0,0,0,1,0,0,0
loan,participant-59,analogy,LP002142,8,reject,reject,accept,accept,1,0,0,0,1,0,1,0,0,0,1,0
loan,participant-59,analogy,LP002840,9,reject,reject,accept,accept,1,0,0,0,1,0,1,0,0,0,1,0
loan,participant-59,analogy,LP002534,10,accept,accept,accept,accept,1,1,1,1,0,0,0,0,1,0,0,0
loan,participant-107,analogy,LP002534,1,accept,accept,reject,accept,1,0,1,1,0,1,1,0,1,0,0,0
loan,participant-107,analogy,LP002068,2,accept,accept,reject,accept,1,0,1,1,0,1,1,0,1,0,0,0
loan,participant-107,analogy,LP002840,3,reject,reject,accept,accept,1,0,0,0,1,0,1,0,0,0,1,0
loan,participant-107,analogy,LP001849,4,reject,accept,accept,accept,0,0,0,1,0,0,0,0,0,0,0,1
loan,participant-107,analogy,LP002181,5,reject,accept,accept,accept,0,0,0,1,0,0,0,0,0,0,0,1
loan,participant-107,analogy,LP001451,6,reject,reject,accept,reject,1,0,1,1,0,1,1,0,1,0,0,0
loan,participant-107,analogy,LP002142,7,reject,reject,reject,reject,1,1,1,1,0,0,0,0,1,0,0,0
loan,participant-107,analogy,LP001882,8,accept,accept,reject,reject,1,0,0,0,1,0,1,0,0,0,1,0
loan,participant-107,analogy,LP001806,9,accept,accept,accept,accept,1,1,1,1,0,0,0,0,1,0,0,0
loan,participant-107,analogy,LP001030,10,accept,reject,accept,reject,0,1,0,1,0,1,0,1,0,0,0,1
loan,participant-39,analogy,LP001849,1,reject,accept,reject,reject,0,1,1,0,1,0,0,1,1,1,0,0
loan,participant-39,analogy,LP001882,2,accept,accept,accept,accept,1,1,1,1,0,0,0,0,1,0,0,0
loan,participant-39,analogy,LP001030,3,accept,accept,reject,reject,1,0,0,0,1,0,1,0,0,0,1,0
loan,participant-39,analogy,LP001451,4,reject,reject,accept,reject,1,0,1,1,0,1,1,0,1,0,0,0
loan,participant-39,analogy,LP002181,5,reject,accept,accept,accept,0,0,0,1,0,0,0,0,0,0,0,1
loan,participant-39,analogy,LP002068,6,accept,accept,reject,reject,1,0,0,0,1,0,1,0,0,0,1,0
loan,participant-39,analogy,LP002534,7,accept,reject,accept,accept,0,1,1,0,1,0,0,1,1,1,0,0
loan,participant-39,analogy,LP001806,8,accept,accept,reject,reject,1,0,0,0,1,0,1,0,0,0,1,0
loan,participant-39,analogy,LP002840,9,reject,reject,accept,accept,1,0,0,0,1,0,1,0,0,0,1,0
loan,participant-39,analogy,LP002142,10,reject,reject,accept,accept,1,0,0,0,1,0,1,0,0,0,1,0
loan,participant-222,accuracy,LP001451,1,reject,reject,accept,accept,1,0,0,0,1,0,1,0,0,0,1,0
loan,participant-222,accuracy,LP001806,2,accept,accept,accept,accept,1,1,1,1,0,0,0,0,1,0,0,0
loan,participant-222,accuracy,LP002142,3,reject,reject,reject,reject,1,1,1,1,0,0,0,0,1,0,0,0
loan,participant-222,accuracy,LP001882,4,accept,reject,reject,reject,0,0,0,1,0,0,0,0,0,0,0,1
loan,participant-222,accuracy,LP002181,5,reject,reject,accept,accept,1,0,0,0,1,0,1,0,0,0,1,0
loan,participant-222,accuracy,LP002068,6,accept,accept,accept,accept,1,1,1,1,0,0,0,0,1,0,0,0
loan,participant-222,accuracy,LP001849,7,reject,reject,reject,reject,1,1,1,1,0,0,0,0,1,0,0,0
loan,participant-222,accuracy,LP002840,8,reject,accept,accept,accept,0,0,0,1,0,0,0,0,0,0,0,1
loan,participant-222,accuracy,LP002534,9,accept,reject,accept,accept,0,1,1,0,1,0,0,1,1,1,0,0
loan,participant-222,accuracy,LP001030,10,accept,accept,accept,accept,1,1,1,1,0,0,0,0,1,0,0,0
loan,participant-42,accuracy,LP002181,1,reject,accept,accept,accept,0,0,0,1,0,0,0,0,0,0,0,1
loan,participant-42,accuracy,LP002534,2,accept,accept,accept,accept,1,1,1,1,0,0,0,0,1,0,0,0
loan,participant-42,accuracy,LP002068,3,accept,accept,reject,accept,1,0,1,1,0,1,1,0,1,0,0,0
loan,participant-42,accuracy,LP001030,4,accept,reject,accept,accept,0,1,1,0,1,0,0,1,1,1,0,0
loan,participant-42,accuracy,LP002142,5,reject,reject,accept,accept,1,0,0,0,1,0,1,0,0,0,1,0
loan,participant-42,accuracy,LP001806,6,accept,accept,accept,accept,1,1,1,1,0,0,0,0,1,0,0,0
loan,participant-42,accuracy,LP001451,7,reject,accept,reject,accept,0,1,0,1,0,1,0,1,0,0,0,1
loan,participant-42,accuracy,LP001882,8,accept,accept,reject,accept,1,0,1,1,0,1,1,0,1,0,0,0
loan,participant-42,accuracy,LP002840,9,reject,reject,accept,accept,1,0,0,0,1,0,1,0,0,0,1,0
loan,participant-42,accuracy,LP001849,10,reject,reject,reject,reject,1,1,1,1,0,0,0,0,1,0,0,0
loan,participant-74,system,LP002181,1,reject,accept,reject,accept,0,1,0,1,0,1,0,1,0,0,0,1
loan,participant-74,system,LP002534,2,accept,accept,reject,reject,1,0,0,0,1,0,1,0,0,0,1,0
loan,participant-74,system,LP001849,3,reject,reject,reject,reject,1,1,1,1,0,0,0,0,1,0,0,0
loan,participant-74,system,LP001882,4,accept,accept,accept,accept,1,1,1,1,0,0,0,0,1,0,0,0
loan,participant-74,system,LP002142,5,reject,accept,accept,accept,0,0,0,1,0,0,0,0,0,0,0,1
loan,participant-74,system,LP001806,6,accept,accept,accept,accept,1,1,1,1,0,0,0,0,1,0,0,0
loan,participant-74,system,LP002840,7,reject,reject,accept,accept,1,0,0,0,1,0,1,0,0,0,1,0
loan,participant-74,system,LP001030,8,accept,accept,accept,accept,1,1,1,1,0,0,0,0,1,0,0,0
loan,participant-74,system,LP001451,9,reject,reject,accept,accept,1,0,0,0,1,0,1,0,0,0,1,0
loan,participant-74,system,LP002068,10,accept,reject,reject,reject,0,0,0,1,0,0,0,0,0,0,0,1
loan,participant-228,accuracy,LP001806,1,accept,accept,accept,accept,1,1,1,1,0,0,0,0,1,0,0,0
loan,participant-228,accuracy,LP002142,2,reject,accept,reject,reject,0,1,1,0,1,0,0,1,1,1,0,0
loan,participant-228,accuracy,LP001030,3,accept,accept,accept,accept,1,1,1,1,0,0,0,0,1,0,0,0
loan,participant-228,accuracy,LP002181,4,reject,accept,reject,accept,0,1,0,1,0,1,0,1,0,0,0,1
loan,participant-228,accuracy,LP002840,5,reject,reject,accept,accept,1,0,0,0,1,0,1,0,0,0,1,0
loan,participant-228,accuracy,LP002534,6,accept,accept,reject,accept,1,0,1,1,0,1,1,0,1,0,0,0
loan,participant-228,accuracy,LP001849,7,reject,reject,reject,reject,1,1,1,1,0,0,0,0,1,0,0,0
loan,participant-228,accuracy,LP002068,8,accept,reject,accept,reject,0,1,0,1,0,1,0,1,0,0,0,1
loan,participant-228,accuracy,LP001882,9,accept,accept,reject,accept,1,0,1,1,0,1,1,0,1,0,0,0
loan,participant-228,accuracy,LP001451,10,reject,reject,accept,reject,1,0,1,1,0,1,1,0,1,0,0,0
loan,participant-233,system,LP001806,1,accept,accept,accept,accept,1,1,1,1,0,0,0,0,1,0,0,0
loan,participant-233,system,LP002142,2,reject,reject,accept,accept,1,0,0,0,1,0,1,0,0,0,1,0
loan,participant-233,system,LP002840,3,reject,reject,accept,accept,1,0,0,0,1,0,1,0,0,0,1,0
loan,participant-233,system,LP002068,4,accept,reject,reject,reject,0,0,0,1,0,0,0,0,0,0,0,1
loan,participant-233,system,LP002534,5,accept,reject,reject,reject,0,0,0,1,0,0,0,0,0,0,0,1
loan,participant-233,system,LP001882,6,accept,accept,reject,accept,1,0,1,1,0,1,1,0,1,0,0,0
loan,participant-233,system,LP001030,7,accept,accept,accept,accept,1,1,1,1,0,0,0,0,1,0,0,0
loan,participant-233,system,LP001451,8,reject,reject,accept,reject,1,0,1,1,0,1,1,0,1,0,0,0
loan,participant-233,system,LP002181,9,reject,reject,reject,reject,1,1,1,1,0,0,0,0,1,0,0,0
loan,participant-233,system,LP001849,10,reject,accept,accept,accept,0,0,0,1,0,0,0,0,0,0,0,1
loan,participant-124,system,LP001806,1,accept,accept,accept,accept,1,1,1,1,0,0,0,0,1,0,0,0
loan,participant-124,system,LP001849,2,reject,reject,reject,reject,1,1,1,1,0,0,0,0,1,0,0,0
loan,participant-124,system,LP002534,3,accept,reject,reject,reject,0,0,0,1,0,0,0,0,0,0,0,1
loan,participant-124,system,LP002181,4,reject,reject,reject,reject,1,1,1,1,0,0,0,0,1,0,0,0
loan,participant-124,system,LP001882,5,accept,reject,accept,reject,0,1,0,1,0,1,0,1,0,0,0,1
loan,participant-124,system,LP001451,6,reject,accept,accept,accept,0,0,0,1,0,0,0,0,0,0,0,1
loan,participant-124,system,LP001030,7,accept,accept,accept,accept,1,1,1,1,0,0,0,0,1,0,0,0
loan,participant-124,system,LP002142,8,reject,reject,reject,reject,1,1,1,1,0,0,0,0,1,0,0,0
loan,participant-124,system,LP002840,9,reject,reject,accept,reject,1,0,1,1,0,1,1,0,1,0,0,0
loan,participant-124,system,LP002068,10,accept,accept,reject,reject,1,0,0,0,1,0,1,0,0,0,1,0
loan,participant-195,analogy,LP002142,1,reject,reject,reject,reject,1,1,1,1,0,0,0,0,1,0,0,0
loan,participant-195,analogy,LP002068,2,accept,reject,reject,reject,0,0,0,1,0,0,0,0,0,0,0,1
loan,participant-195,analogy,LP002181,3,reject,accept,accept,accept,0,0,0,1,0,0,0,0,0,0,0,1
loan,participant-195,analogy,LP002840,4,reject,reject,accept,accept,1,0,0,0,1,0,1,0,0,0,1,0
loan,participant-195,analogy,LP001030,5,accept,accept,accept,accept,1,1,1,1,0,0,0,0,1,0,0,0
loan,participant-195,analogy,LP001451,6,reject,reject,accept,reject,1,0,1,1,0,1,1,0,1,0,0,0
loan,participant-195,analogy,LP001806,7,accept,reject,accept,reject,0,1,0,1,0,1,0,1,0,0,0,1
loan,participant-195,analogy,LP002534,8,accept,accept,accept,accept,1,1,1,1,0,0,0,0,1,0,0,0
loan,participant-195,analogy,LP001882,9,accept,accept,reject,accept,1,0,1,1,0,1,1,0,1,0,0,0
loan,participant-195,analogy,LP001849,10,reject,reject,accept,accept,1,0,0,0,1,0,1,0,0,0,1,0
loan,participant-120,accuracy,LP002840,1,reject,reject,accept,accept,1,0,0,0,1,0,1,0,0,0,1,0
loan,participant-120,accuracy,LP001849,2,reject,accept,reject,accept,0,1,0,1,0,1,0,1,0,0,0,1
loan,participant-120,accuracy,LP002534,3,accept,accept,accept,accept,1,1,1,1,0,0,0,0,1,0,0,0
loan,participant-120,accuracy,LP002181,4,reject,reject,accept,reject,1,0,1,1,0,1,1,0,1,0,0,0
loan,participant-120,accuracy,LP001451,5,reject,accept,accept,accept,0,0,0,1,0,0,0,0,0,0,0,1
loan,participant-120,accuracy,LP002068,6,accept,accept,reject,accept,1,0,1,1,0,1,1,0,1,0,0,0
loan,participant-120,accuracy,LP001806,7,accept,accept,accept,accept,1,1,1,1,0,0,0,0,1,0,0,0
loan,participant-120,accuracy,LP001882,8,accept,reject,accept,reject,0,1,0,1,0,1,0,1,0,0,0,1
loan,participant-120,accuracy,LP001030,9,accept,accept,accept,accept,1,1,1,1,0,0,0,0,1,0,0,0
loan,participant-120,accuracy,LP002142,10,reject,reject,reject,reject,1,1,1,1,0,0,0,0,1,0,0,0
loan,participant-155,system,LP002840,1,reject,reject,accept,reject,1,0,1,1,0,1,1,0,1,0,0,0
loan,participant-155,system,LP002068,2,accept,accept,reject,accept,1,0,1,1,0,1,1,0,1,0,0,0
loan,participant-155,system,LP001849,3,reject,accept,reject,reject,0,1,1,0,1,0,0,1,1,1,0,0
loan,participant-155,system,LP001882,4,accept,accept,reject,reject,1,0,0,0,1,0,1,0,0,0,1,0
loan,participant-155,system,LP001451,5,reject,accept,accept,accept,0,0,0,1,0,0,0,0,0,0,0,1
loan,participant-155,system,LP002534,6,accept,accept,reject,reject,1,0,0,0,1,0,1,0,0,0,1,0
loan,participant-155,system,LP002181,7,reject,reject,accept,accept,1,0,0,0,1,0,1,0,0,0,1,0
loan,participant-155,system,LP001806,8,accept,accept,accept,accept,1,1,1,1,0,0,0,0,1,0,0,0
loan,participant-155,system,LP002142,9,reject,accept,reject,reject,0,1,1,0,1,0,0,1,1,1,0,0
loan,participant-155,system,LP001030,10,accept,accept,accept,accept,1,1,1,1,0,0,0,0,1,0,0,0
loan,participant-143,analogy,LP002068,1,accept,accept,reject,reject,1,0,0,0,1,0,1,0,0,0,1,0
loan,participant-143,analogy,LP001849,2,reject,reject,reject,reject,1,1,1,1,0,0,0,0,1,0,0,0
loan,participant-143,analogy,LP001882,3,accept,accept,reject,reject,1,0,0,0,1,0,1,0,0,0,1,0
loan,participant-143,analogy,LP002840,4,reject,accept,accept,accept,0,0,0,1,0,0,0,0,0,0,0,1
loan,participant-143,analogy,LP001451,5,reject,accept,accept,accept,0,0,0,1,0,0,0,0,0,0,0,1
loan,participant-143,analogy,LP002142,6,reject,reject,reject,reject,1,1,1,1,0,0,0,0,1,0,0,0
loan,participant-143,analogy,LP001806,7,accept,accept,accept,accept,1,1,1,1,0,0,0,0,1,0,0,0
loan,participant-143,analogy,LP002181,8,reject,accept,accept,accept,0,0,0,1,0,0,0,0,0,0,0,1
loan,participant-143,analogy,LP002534,9,accept,accept,reject,reject,1,0,0,0,1,0,1,0,0,0,1,0
loan,participant-143,analogy,LP001030,10,accept,accept,accept,accept,1,1,1,1,0,0,0,0,1,0,0,0
loan,participant-156,accuracy,LP002181,1,reject,reject,accept,accept,1,0,0,0,1,0,1,0,0,0,1,0
loan,participant-156,accuracy,LP001030,2,accept,reject,accept,accept,0,1,1,0,1,0,0,1,1,1,0,0
loan,participant-156,accuracy,LP001451,3,reject,reject,accept,accept,1,0,0,0,1,0,1,0,0,0,1,0
loan,participant-156,accuracy,LP002840,4,reject,accept,accept,accept,0,0,0,1,0,0,0,0,0,0,0,1
loan,participant-156,accuracy,LP002068,5,accept,accept,accept,accept,1,1,1,1,0,0,0,0,1,0,0,0
loan,participant-156,accuracy,LP002534,6,accept,accept,accept,accept,1,1,1,1,0,0,0,0,1,0,0,0
loan,participant-156,accuracy,LP001882,7,accept,accept,reject,reject,1,0,0,0,1,0,1,0,0,0,1,0
loan,participant-156,accuracy,LP001806,8,accept,accept,reject,reject,1,0,0,0,1,0,1,0,0,0,1,0
loan,participant-156,accuracy,LP001849,9,reject,reject,reject,reject,1,1,1,1,0,0,0,0,1,0,0,0
loan,participant-156,accuracy,LP002142,10,reject,accept,reject,reject,0,1,1,0,1,0,0,1,1,1,0,0
loan,participant-77,accuracy,LP001451,1,reject,reject,accept,reject,1,0,1,1,0,1,1,0,1,0,0,0
loan,participant-77,accuracy,LP002142,2,reject,accept,accept,accept,0,0,0,1,0,0,0,0,0,0,0,1
loan,participant-77,accuracy,LP001030,3,accept,accept,reject,accept,1,0,1,1,0,1,1,0,1,0,0,0
loan,participant-77,accuracy,LP002534,4,accept,accept,accept,accept,1,1,1,1,0,0,0,0,1,0,0,0
loan,participant-77,accuracy,LP001806,5,accept,accept,accept,accept,1,1,1,1,0,0,0,0,1,0,0,0
loan,participant-77,accuracy,LP001882,6,accept,reject,reject,reject,0,0,0,1,0,0,0,0,0,0,0,1
loan,participant-77,accuracy,LP002840,7,reject,reject,accept,accept,1,0,0,0,1,0,1,0,0,0,1,0
loan,participant-77,accuracy,LP001849,8,reject,reject,accept,accept,1,0,0,0,1,0,1,0,0,0,1,0
loan,participant-77,accuracy,LP002068,9,accept,reject,reject,reject,0,0,0,1,0,0,0,0,0,0,0,1
loan,participant-77,accuracy,LP002181,10,reject,reject,accept,accept,1,0,0,0,1,0,1,0,0,0,1,0
loan,participant-63,accuracy,LP001451,1,reject,reject,reject,reject,1,1,1,1,0,0,0,0,1,0,0,0
loan,participant-63,accuracy,LP002534,2,accept,accept,accept,accept,1,1,1,1,0,0,0,0,1,0,0,0
loan,participant-63,accuracy,LP002840,3,reject,reject,accept,accept,1,0,0,0,1,0,1,0,0,0,1,0
loan,participant-63,accuracy,LP001806,4,accept,accept,reject,accept,1,0,1,1,0,1,1,0,1,0,0,0
loan,participant-63,accuracy,LP001030,5,accept,accept,accept,accept,1,1,1,1,0,0,0,0,1,0,0,0
loan,participant-63,accuracy,LP002181,6,reject,accept,accept,accept,0,0,0,1,0,0,0,0,0,0,0,1
loan,participant-63,accuracy,LP001849,7,reject,reject,reject,reject,1,1,1,1,0,0,0,0,1,0,0,0
loan,participant-63,accuracy,LP002142,8,reject,reject,reject,reject,1,1,1,1,0,0,0,0,1,0,0,0
loan,participant-63,accuracy,LP002068,9,accept,reject,reject,reject,0,0,0,1,0,0,0,0,0,0,0,1
loan,participant-63,accuracy,LP001882,10,accept,reject,reject,reject,0,0,0,1,0,0,0,0,0,0,0,1
loan,participant-246,analogy,LP002840,1,reject,reject,accept,accept,1,0,0,0,1,0,1,0,0,0,1,0
loan,participant-246,analogy,LP001806,2,accept,reject,accept,reject,0,1,0,1,0,1,0,1,0,0,0,1
loan,participant-246,analogy,LP001451,3,reject,reject,reject,reject,1,1,1,1,0,0,0,0,1,0,0,0
loan,participant-246,analogy,LP002068,4,accept,accept,accept,accept,1,1,1,1,0,0,0,0,1,0,0,0
loan,participant-246,analogy,LP001882,5,accept,reject,accept,accept,0,1,1,0,1,0,0,1,1,1,0,0
loan,participant-246,analogy,LP001030,6,accept,accept,accept,accept,1,1,1,1,0,0,0,0,1,0,0,0
loan,participant-246,analogy,LP002142,7,reject,reject,reject,reject,1,1,1,1,0,0,0,0,1,0,0,0
loan,participant-246,analogy,LP001849,8,reject,reject,accept,reject,1,0,1,1,0,1,1,0,1,0,0,0
loan,participant-246,analogy,LP002534,9,accept,reject,accept,accept,0,1,1,0,1,0,0,1,1,1,0,0
loan,participant-246,analogy,LP002181,10,reject,reject,accept,accept,1,0,0,0,1,0,1,0,0,0,1,0
loan,participant-55,analogy,LP001451,1,reject,reject,accept,accept,1,0,0,0,1,0,1,0,0,0,1,0
loan,participant-55,analogy,LP001849,2,reject,reject,reject,reject,1,1,1,1,0,0,0,0,1,0,0,0
loan,participant-55,analogy,LP002181,3,reject,reject,accept,accept,1,0,0,0,1,0,1,0,0,0,1,0
loan,participant-55,analogy,LP001806,4,accept,reject,reject,reject,0,0,0,1,0,0,0,0,0,0,0,1
loan,participant-55,analogy,LP001882,5,accept,accept,reject,accept,1,0,1,1,0,1,1,0,1,0,0,0
loan,participant-55,analogy,LP002142,6,reject,accept,reject,reject,0,1,1,0,1,0,0,1,1,1,0,0
loan,participant-55,analogy,LP002068,7,accept,reject,reject,reject,0,0,0,1,0,0,0,0,0,0,0,1
loan,participant-55,analogy,LP001030,8,accept,accept,accept,accept,1,1,1,1,0,0,0,0,1,0,0,0
loan,participant-55,analogy,LP002840,9,reject,reject,accept,accept,1,0,0,0,1,0,1,0,0,0,1,0
loan,participant-55,analogy,LP002534,10,accept,accept,reject,reject,1,0,0,0,1,0,1,0,0,0,1,0
loan,participant-249,analogy,LP001849,1,reject,reject,reject,reject,1,1,1,1,0,0,0,0,1,0,0,0
loan,participant-249,analogy,LP001030,2,accept,reject,accept,accept,0,1,1,0,1,0,0,1,1,1,0,0
loan,participant-249,analogy,LP002181,3,reject,accept,reject,accept,0,1,0,1,0,1,0,1,0,0,0,1
loan,participant-249,analogy,LP002142,4,reject,reject,accept,reject,1,0,1,1,0,1,1,0,1,0,0,0
loan,participant-249,analogy,LP002068,5,accept,accept,reject,accept,1,0,1,1,0,1,1,0,1,0,0,0
loan,participant-249,analogy,LP001806,6,accept,reject,reject,reject,0,0,0,1,0,0,0,0,0,0,0,1
loan,participant-249,analogy,LP002534,7,accept,accept,reject,reject,1,0,0,0,1,0,1,0,0,0,1,0
loan,participant-249,analogy,LP001882,8,accept,accept,accept,accept,1,1,1,1,0,0,0,0,1,0,0,0
loan,participant-249,analogy,LP001451,9,reject,reject,accept,accept,1,0,0,0,1,0,1,0,0,0,1,0
loan,participant-249,analogy,LP002840,10,reject,reject,accept,accept,1,0,0,0,1,0,1,0,0,0,1,0
loan,participant-218,system,LP001451,1,reject,reject,reject,reject,1,1,1,1,0,0,0,0,1,0,0,0
loan,participant-218,system,LP002534,2,accept,reject,reject,reject,0,0,0,1,0,0,0,0,0,0,0,1
loan,participant-218,system,LP001882,3,accept,accept,reject,accept,1,0,1,1,0,1,1,0,1,0,0,0
loan,participant-218,system,LP001806,4,accept,reject,accept,accept,0,1,1,0,1,0,0,1,1,1,0,0
loan,participant-218,system,LP002142,5,reject,reject,accept,reject,1,0,1,1,0,1,1,0,1,0,0,0
loan,participant-218,system,LP001849,6,reject,reject,reject,reject,1,1,1,1,0,0,0,0,1,0,0,0
loan,participant-218,system,LP002181,7,reject,reject,accept,reject,1,0,1,1,0,1,1,0,1,0,0,0
loan,participant-218,system,LP002840,8,reject,accept,accept,accept,0,0,0,1,0,0,0,0,0,0,0,1
loan,participant-218,system,LP001030,9,accept,accept,accept,accept,1,1,1,1,0,0,0,0,1,0,0,0
loan,participant-218,system,LP002068,10,accept,accept,reject,accept,1,0,1,1,0,1,1,0,1,0,0,0
loan,participant-99,accuracy,LP002840,1,reject,accept,accept,accept,0,0,0,1,0,0,0,0,0,0,0,1
loan,participant-99,accuracy,LP002181,2,reject,reject,reject,reject,1,1,1,1,0,0,0,0,1,0,0,0
loan,participant-99,accuracy,LP002142,3,reject,reject,reject,reject,1,1,1,1,0,0,0,0,1,0,0,0
loan,participant-99,accuracy,LP002068,4,accept,reject,reject,reject,0,0,0,1,0,0,0,0,0,0,0,1
loan,participant-99,accuracy,LP001882,5,accept,accept,accept,accept,1,1,1,1,0,0,0,0,1,0,0,0
loan,participant-99,accuracy,LP001030,6,accept,accept,accept,accept,1,1,1,1,0,0,0,0,1,0,0,0
loan,participant-99,accuracy,LP001849,7,reject,reject,accept,accept,1,0,0,0,1,0,1,0,0,0,1,0
loan,participant-99,accuracy,LP001806,8,accept,accept,reject,reject,1,0,0,0,1,0,1,0,0,0,1,0
loan,participant-99,accuracy,LP002534,9,accept,accept,reject,accept,1,0,1,1,0,1,1,0,1,0,0,0
loan,participant-99,accuracy,LP001451,10,reject,accept,accept,accept,0,0,0,1,0,0,0,0,0,0,0,1
loan,participant-62,system,LP001882,1,accept,reject,accept,reject,0,1,0,1,0,1,0,1,0,0,0,1
loan,participant-62,system,LP001451,2,reject,reject,reject,reject,1,1,1,1,0,0,0,0,1,0,0,0
loan,participant-62,system,LP002534,3,accept,accept,accept,accept,1,1,1,1,0,0,0,0,1,0,0,0
loan,participant-62,system,LP002181,4,reject,accept,accept,accept,0,0,0,1,0,0,0,0,0,0,0,1
loan,participant-62,system,LP002142,5,reject,reject,accept,reject,1,0,1,1,0,1,1,0,1,0,0,0
loan,participant-62,system,LP002840,6,reject,reject,accept,reject,1,0,1,1,0,1,1,0,1,0,0,0
loan,participant-62,system,LP001849,7,reject,accept,accept,accept,0,0,0,1,0,0,0,0,0,0,0,1
loan,participant-62,system,LP001030,8,accept,accept,reject,accept,1,0,1,1,0,1,1,0,1,0,0,0
loan,participant-62,system,LP001806,9,accept,accept,accept,accept,1,1,1,1,0,0,0,0,1,0,0,0
loan,participant-62,system,LP002068,10,accept,accept,accept,accept,1,1,1,1,0,0,0,0,1,0,0,0
loan,participant-225,accuracy,LP002181,1,reject,reject,accept,reject,1,0,1,1,0,1,1,0,1,0,0,0
loan,participant-225,accuracy,LP001849,2,reject,reject,reject,reject,1,1,1,1,0,0,0,0,1,0,0,0
loan,participant-225,accuracy,LP002068,3,accept,reject,reject,reject,0,0,0,1,0,0,0,0,0,0,0,1
loan,participant-225,accuracy,LP002142,4,reject,reject,reject,reject,1,1,1,1,0,0,0,0,1,0,0,0
loan,participant-225,accuracy,LP002840,5,reject,reject,accept,accept,1,0,0,0,1,0,1,0,0,0,1,0
loan,participant-225,accuracy,LP001451,6,reject,reject,accept,accept,1,0,0,0,1,0,1,0,0,0,1,0
loan,participant-225,accuracy,LP002534,7,accept,accept,reject,reject,1,0,0,0,1,0,1,0,0,0,1,0
loan,participant-225,accuracy,LP001806,8,accept,accept,reject,reject,1,0,0,0,1,0,1,0,0,0,1,0
loan,participant-225,accuracy,LP001030,9,accept,reject,accept,accept,0,1,1,0,1,0,0,1,1,1,0,0
loan,participant-225,accuracy,LP001882,10,accept,reject,accept,accept,0,1,1,0,1,0,0,1,1,1,0,0
loan,participant-268,analogy,LP001849,1,reject,accept,reject,accept,0,1,0,1,0,1,0,1,0,0,0,1
loan,participant-268,analogy,LP002181,2,reject,reject,accept,reject,1,0,1,1,0,1,1,0,1,0,0,0
loan,participant-268,analogy,LP001882,3,accept,accept,accept,accept,1,1,1,1,0,0,0,0,1,0,0,0
loan,participant-268,analogy,LP001030,4,accept,accept,accept,accept,1,1,1,1,0,0,0,0,1,0,0,0
loan,participant-268,analogy,LP001806,5,accept,accept,accept,accept,1,1,1,1,0,0,0,0,1,0,0,0
loan,participant-268,analogy,LP002534,6,accept,accept,accept,accept,1,1,1,1,0,0,0,0,1,0,0,0
loan,participant-268,analogy,LP001451,7,reject,reject,accept,reject,1,0,1,1,0,1,1,0,1,0,0,0
loan,participant-268,analogy,LP002068,8,accept,reject,reject,reject,0,0,0,1,0,0,0,0,0,0,0,1
loan,participant-268,analogy,LP002142,9,reject,reject,reject,reject,1,1,1,1,0,0,0,0,1,0,0,0
loan,participant-268,analogy,LP002840,10,reject,accept,accept,accept,0,0,0,1,0,0,0,0,0,0,0,1
loan,participant-240,analogy,LP001882,1,accept,reject,reject,reject,0,0,0,1,0,0,0,0,0,0,0,1
loan,participant-240,analogy,LP001806,2,accept,accept,accept,accept,1,1,1,1,0,0,0,0,1,0,0,0
loan,participant-240,analogy,LP002840,3,reject,reject,reject,reject,1,1,1,1,0,0,0,0,1,0,0,0
loan,participant-240,analogy,LP002534,4,accept,accept,reject,reject,1,0,0,0,1,0,1,0,0,0,1,0
loan,participant-240,analogy,LP001451,5,reject,reject,accept,reject,1,0,1,1,0,1,1,0,1,0,0,0
loan,participant-240,analogy,LP002181,6,reject,accept,reject,accept,0,1,0,1,0,1,0,1,0,0,0,1
loan,participant-240,analogy,LP002068,7,accept,reject,accept,reject,0,1,0,1,0,1,0,1,0,0,0,1
loan,participant-240,analogy,LP002142,8,reject,reject,accept,reject,1,0,1,1,0,1,1,0,1,0,0,0
loan,participant-240,analogy,LP001030,9,accept,accept,accept,accept,1,1,1,1,0,0,0,0,1,0,0,0
loan,participant-240,analogy,LP001849,10,reject,reject,accept,reject,1,0,1,1,0,1,1,0,1,0,0,0
loan,participant-101,accuracy,LP001806,1,accept,accept,accept,accept,1,1,1,1,0,0,0,0,1,0,0,0
loan,participant-101,accuracy,LP001849,2,reject,accept,reject,reject,0,1,1,0,1,0,0,1,1,1,0,0
loan,participant-101,accuracy,LP001882,3,accept,accept,reject,reject,1,0,0,0,1,0,1,0,0,0,1,0
loan,participant-101,accuracy,LP001451,4,reject,reject,accept,accept,1,0,0,0,1,0,1,0,0,0,1,0
loan,participant-101,accuracy,LP002181,5,reject,accept,reject,reject,0,1,1,0,1,0,0,1,1,1,0,0
loan,participant-101,accuracy,LP002534,6,accept,accept,reject,reject,1,0,0,0,1,0,1,0,0,0,1,0
loan,participant-101,accuracy,LP002840,7,reject,reject,accept,accept,1,0,0,0,1,0,1,0,0,0,1,0
loan,participant-101,accuracy,LP001030,8,accept,reject,accept,accept,0,1,1,0,1,0,0,1,1,1,0,0
loan,participant-101,accuracy,LP002142,9,reject,reject,reject,reject,1,1,1,1,0,0,0,0,1,0,0,0
loan,participant-101,accuracy,LP002068,10,accept,accept,reject,reject,1,0,0,0,1,0,1,0,0,0,1,0
loan,participant-38,system,LP001882,1,accept,accept,reject,accept,1,0,1,1,0,1,1,0,1,0,0,0
loan,participant-38,system,LP001806,2,accept,accept,reject,reject,1,0,0,0,1,0,1,0,0,0,1,0
loan,participant-38,system,LP002534,3,accept,reject,accept,accept,0,1,1,0,1,0,0,1,1,1,0,0
loan,participant-38,system,LP002840,4,reject,reject,accept,accept,1,0,0,0,1,0,1,0,0,0,1,0
loan,participant-38,system,LP002181,5,reject,accept,accept,accept,0,0,0,1,0,0,0,0,0,0,0,1
loan,participant-38,system,LP002142,6,reject,reject,reject,reject,1,1,1,1,0,0,0,0,1,0,0,0
loan,participant-38,system,LP002068,7,accept,reject,reject,reject,0,0,0,1,0,0,0,0,0,0,0,1
loan,participant-38,system,LP001849,8,reject,reject,reject,reject,1,1,1,1,0,0,0,0,1,0,0,0
loan,participant-38,system,LP001451,9,reject,reject,accept,accept,1,0,0,0,1,0,1,0,0,0,1,0
loan,participant-38,system,LP001030,10,accept,accept,accept,accept,1,1,1,1,0,0,0,0,1,0,0,0
loan,participant-54,system,LP001451,1,reject,reject,reject,reject,1,1,1,1,0,0,0,0,1,0,0,0
loan,participant-54,system,LP001882,2,accept,accept,reject,reject,1,0,0,0,1,0,1,0,0,0,1,0
loan,participant-54,system,LP001806,3,accept,accept,accept,accept,1,1,1,1,0,0,0,0,1,0,0,0
loan,participant-54,system,LP002142,4,reject,reject,accept,reject,1,0,1,1,0,1,1,0,1,0,0,0
loan,participant-54,system,LP002534,5,accept,accept,reject,reject,1,0,0,0,1,0,1,0,0,0,1,0
loan,participant-54,system,LP001849,6,reject,accept,accept,accept,0,0,0,1,0,0,0,0,0,0,0,1
loan,participant-54,system,LP002181,7,reject,accept,accept,accept,0,0,0,1,0,0,0,0,0,0,0,1
loan,participant-54,system,LP002840,8,reject,accept,accept,accept,0,0,0,1,0,0,0,0,0,0,0,1
loan,participant-54,system,LP002068,9,accept,accept,reject,reject,1,0,0,0,1,0,1,0,0,0,1,0
loan,participant-54,system,LP001030,10,accept,accept,accept,accept,1,1,1,1,0,0,0,0,1,0,0,0
loan,participant-219,analogy,LP002181,1,reject,reject,accept,accept,1,0,0,0,1,0,1,0,0,0,1,0
loan,participant-219,analogy,LP001849,2,reject,reject,reject,reject,1,1,1,1,0,0,0,0,1,0,0,0
loan,participant-219,analogy,LP002840,3,reject,reject,accept,accept,1,0,0,0,1,0,1,0,0,0,1,0
loan,participant-219,analogy,LP002142,4,reject,reject,accept,accept,1,0,0,0,1,0,1,0,0,0,1,0
loan,participant-219,analogy,LP001030,5,accept,reject,accept,accept,0,1,1,0,1,0,0,1,1,1,0,0
loan,participant-219,analogy,LP001806,6,accept,accept,accept,accept,1,1,1,1,0,0,0,0,1,0,0,0
loan,participant-219,analogy,LP002534,7,accept,reject,accept,accept,0,1,1,0,1,0,0,1,1,1,0,0
loan,participant-219,analogy,LP001882,8,accept,accept,accept,accept,1,1,1,1,0,0,0,0,1,0,0,0
loan,participant-219,analogy,LP001451,9,reject,reject,reject,reject,1,1,1,1,0,0,0,0,1,0,0,0
loan,participant-219,analogy,LP002068,10,accept,reject,accept,reject,0,1,0,1,0,1,0,1,0,0,0,1
loan,participant-125,system,LP001030,1,accept,accept,accept,accept,1,1,1,1,0,0,0,0,1,0,0,0
loan,participant-125,system,LP002181,2,reject,reject,accept,accept,1,0,0,0,1,0,1,0,0,0,1,0
loan,participant-125,system,LP001849,3,reject,reject,reject,reject,1,1,1,1,0,0,0,0,1,0,0,0
loan,participant-125,system,LP002068,4,accept,accept,reject,reject,1,0,0,0,1,0,1,0,0,0,1,0
loan,participant-125,system,LP001806,5,accept,accept,accept,accept,1,1,1,1,0,0,0,0,1,0,0,0
loan,participant-125,system,LP002534,6,accept,accept,accept,accept,1,1,1,1,0,0,0,0,1,0,0,0
loan,participant-125,system,LP002840,7,reject,accept,accept,accept,0,0,0,1,0,0,0,0,0,0,0,1
loan,participant-125,system,LP001451,8,reject,accept,accept,accept,0,0,0,1,0,0,0,0,0,0,0,1
loan,participant-125,system,LP002142,9,reject,accept,accept,accept,0,0,0,1,0,0,0,0,0,0,0,1
loan,participant-125,system,LP001882,10,accept,accept,accept,accept,1,1,1,1,0,0,0,0,1,0,0,0
loan,participant-154,accuracy,LP001806,1,accept,accept,accept,accept,1,1,1,1,0,0,0,0,1,0,0,0
loan,participant-154,accuracy,LP001849,2,reject,accept,reject,reject,0,1,1,0,1,0,0,1,1,1,0,0
loan,participant-154,accuracy,LP001030,3,accept,accept,accept,accept,1,1,1,1,0,0,0,0,1,0,0,0
loan,participant-154,accuracy,LP001451,4,reject,reject,accept,accept,1,0,0,0,1,0,1,0,0,0,1,0
loan,participant-154,accuracy,LP002142,5,reject,reject,reject,reject,1,1,1,1,0,0,0,0,1,0,0,0
loan,participant-154,accuracy,LP002534,6,accept,accept,reject,accept,1,0,1,1,0,1,1,0,1,0,0,0
loan,participant-154,accuracy,LP002840,7,reject,accept,reject,accept,0,1,0,1,0,1,0,1,0,0,0,1
loan,participant-154,accuracy,LP002068,8,accept,reject,reject,reject,0,0,0,1,0,0,0,0,0,0,0,1
loan,participant-154,accuracy,LP001882,9,accept,accept,reject,reject,1,0,0,0,1,0,1,0,0,0,1,0
loan,participant-154,accuracy,LP002181,10,reject,reject,reject,reject,1,1,1,1,0,0,0,0,1,0,0,0
loan,participant-32,system,LP001030,1,accept,reject,accept,reject,0,1,0,1,0,1,0,1,0,0,0,1
loan,participant-32,system,LP001882,2,accept,reject,accept,reject,0,1,0,1,0,1,0,1,0,0,0,1
loan,participant-32,system,LP002181,3,reject,reject,accept,accept,1,0,0,0,1,0,1,0,0,0,1,0
loan,participant-32,system,LP001849,4,reject,reject,accept,accept,1,0,0,0,1,0,1,0,0,0,1,0
loan,participant-32,system,LP002068,5,accept,accept,reject,accept,1,0,1,1,0,1,1,0,1,0,0,0
loan,participant-32,system,LP001806,6,accept,accept,accept,accept,1,1,1,1,0,0,0,0,1,0,0,0
loan,participant-32,system,LP002142,7,reject,reject,accept,accept,1,0,0,0,1,0,1,0,0,0,1,0
loan,participant-32,system,LP002840,8,reject,accept,accept,accept,0,0,0,1,0,0,0,0,0,0,0,1
loan,participant-32,system,LP002534,9,accept,accept,reject,reject,1,0,0,0,1,0,1,0,0,0,1,0
loan,participant-32,system,LP001451,10,reject,reject,accept,accept,1,0,0,0,1,0,1,0,0,0,1,0
loan,participant-198,accuracy,LP002840,1,reject,reject,accept,accept,1,0,0,0,1,0,1,0,0,0,1,0
loan,participant-198,accuracy,LP002181,2,reject,accept,reject,reject,0,1,1,0,1,0,0,1,1,1,0,0
loan,participant-198,accuracy,LP002142,3,reject,reject,reject,reject,1,1,1,1,0,0,0,0,1,0,0,0
loan,participant-198,accuracy,LP001451,4,reject,accept,accept,accept,0,0,0,1,0,0,0,0,0,0,0,1
loan,participant-198,accuracy,LP002068,5,accept,reject,reject,reject,0,0,0,1,0,0,0,0,0,0,0,1
loan,participant-198,accuracy,LP002534,6,accept,accept,reject,accept,1,0,1,1,0,1,1,0,1,0,0,0
loan,participant-198,accuracy,LP001849,7,reject,reject,accept,reject,1,0,1,1,0,1,1,0,1,0,0,0
loan,participant-198,accuracy,LP001882,8,accept,accept,reject,accept,1,0,1,1,0,1,1,0,1,0,0,0
loan,participant-198,accuracy,LP001806,9,accept,accept,accept,accept,1,1,1,1,0,0,0,0,1,0,0,0
loan,participant-198,accuracy,LP001030,10,accept,accept,accept,accept,1,1,1,1,0,0,0,0,1,0,0,0
loan,participant-215,accuracy,LP001849,1,reject,reject,reject,reject,1,1,1,1,0,0,0,0,1,0,0,0
loan,participant-215,accuracy,LP001451,2,reject,reject,accept,accept,1,0,0,0,1,0,1,0,0,0,1,0
loan,participant-215,accuracy,LP001030,3,accept,reject,accept,accept,0,1,1,0,1,0,0,1,1,1,0,0
loan,participant-215,accuracy,LP002534,4,accept,accept,reject,reject,1,0,0,0,1,0,1,0,0,0,1,0
loan,participant-215,accuracy,LP002181,5,reject,reject,reject,reject,1,1,1,1,0,0,0,0,1,0,0,0
loan,participant-215,accuracy,LP002142,6,reject,accept,accept,accept,0,0,0,1,0,0,0,0,0,0,0,1
loan,participant-215,accuracy,LP002068,7,accept,accept,reject,accept,1,0,1,1,0,1,1,0,1,0,0,0
loan,participant-215,accuracy,LP002840,8,reject,reject,reject,reject,1,1,1,1,0,0,0,0,1,0,0,0
loan,participant-215,accuracy,LP001882,9,accept,reject,accept,reject,0,1,0,1,0,1,0,1,0,0,0,1
loan,participant-215,accuracy,LP001806,10,accept,accept,accept,accept,1,1,1,1,0,0,0,0,1,0,0,0
loan,participant-66,system,LP002181,1,reject,reject,reject,reject,1,1,1,1,0,0,0,0,1,0,0,0
loan,participant-66,system,LP002068,2,accept,reject,reject,reject,0,0,0,1,0,0,0,0,0,0,0,1
loan,participant-66,system,LP001849,3,reject,accept,reject,accept,0,1,0,1,0,1,0,1,0,0,0,1
loan,participant-66,system,LP002840,4,reject,reject,reject,reject,1,1,1,1,0,0,0,0,1,0,0,0
loan,participant-66,system,LP002534,5,accept,accept,reject,accept,1,0,1,1,0,1,1,0,1,0,0,0
loan,participant-66,system,LP001882,6,accept,accept,accept,accept,1,1,1,1,0,0,0,0,1,0,0,0
loan,participant-66,system,LP002142,7,reject,reject,reject,reject,1,1,1,1,0,0,0,0,1,0,0,0
loan,participant-66,system,LP001806,8,accept,reject,accept,reject,0,1,0,1,0,1,0,1,0,0,0,1
loan,participant-66,system,LP001030,9,accept,accept,accept,accept,1,1,1,1,0,0,0,0,1,0,0,0
loan,participant-66,system,LP001451,10,reject,reject,accept,reject,1,0,1,1,0,1,1,0,1,0,0,0
loan,participant-88,analogy,LP002181,1,reject,accept,reject,accept,0,1,0,1,0,1,0,1,0,0,0,1
loan,participant-88,analogy,LP001030,2,accept,accept,accept,accept,1,1,1,1,0,0,0,0,1,0,0,0
loan,participant-88,analogy,LP001849,3,reject,accept,accept,reject,0,0,1,0,1,1,0,0,1,1,0,0
loan,participant-88,analogy,LP001882,4,accept,accept,reject,reject,1,0,0,0,1,0,1,0,0,0,1,0
loan,participant-88,analogy,LP001451,5,reject,reject,accept,accept,1,0,0,0,1,0,1,0,0,0,1,0
loan,participant-88,analogy,LP001806,6,accept,accept,accept,accept,1,1,1,1,0,0,0,0,1,0,0,0
loan,participant-88,analogy,LP002142,7,reject,reject,accept,reject,1,0,1,1,0,1,1,0,1,0,0,0
loan,participant-88,analogy,LP002068,8,accept,accept,accept,accept,1,1,1,1,0,0,0,0,1,0,0,0
loan,participant-88,analogy,LP002534,9,accept,accept,reject,accept,1,0,1,1,0,1,1,0,1,0,0,0
loan,participant-88,analogy,LP002840,10,reject,accept,accept,accept,0,0,0,1,0,0,0,0,0,0,0,1
loan,participant-58,accuracy,LP001806,1,accept,accept,accept,accept,1,1,1,1,0,0,0,0,1,0,0,0
loan,participant-58,accuracy,LP001030,2,accept,reject,accept,reject,0,1,0,1,0,1,0,1,0,0,0,1
loan,participant-58,accuracy,LP002534,3,accept,reject,accept,reject,0,1,0,1,0,1,0,1,0,0,0,1
loan,participant-58,accuracy,LP002068,4,accept,accept,reject,reject,1,0,0,0,1,0,1,0,0,0,1,0
loan,participant-58,accuracy,LP001882,5,accept,accept,reject,reject,1,0,0,0,1,0,1,0,0,0,1,0
loan,participant-58,accuracy,LP002181,6,reject,reject,accept,accept,1,0,0,0,1,0,1,0,0,0,1,0
loan,participant-58,accuracy,LP001849,7,reject,reject,reject,reject,1,1,1,1,0,0,0,0,1,0,0,0
loan,participant-58,accuracy,LP002840,8,reject,reject,accept,accept,1,0,0,0,1,0,1,0,0,0,1,0
loan,participant-58,accuracy,LP001451,9,reject,reject,accept,reject,1,0,1,1,0,1,1,0,1,0,0,0
loan,participant-58,accuracy,LP002142,10,reject,accept,reject,reject,0,1,1,0,1,0,0,1,1,1,0,0
loan,participant-168,accuracy,LP002142,1,reject,reject,accept,reject,1,0,1,1,0,1,1,0,1,0,0,0
loan,participant-168,accuracy,LP001849,2,reject,accept,reject,accept,0,1,0,1,0,1,0,1,0,0,0,1
loan,participant-168,accuracy,LP001030,3,accept,reject,accept,reject,0,1,0,1,0,1,0,1,0,0,0,1
loan,participant-168,accuracy,LP001882,4,accept,accept,reject,accept,1,0,1,1,0,1,1,0,1,0,0,0
loan,participant-168,accuracy,LP001806,5,accept,accept,accept,accept,1,1,1,1,0,0,0,0,1,0,0,0
loan,participant-168,accuracy,LP002840,6,reject,reject,accept,accept,1,0,0,0,1,0,1,0,0,0,1,0
loan,participant-168,accuracy,LP002068,7,accept,accept,reject,reject,1,0,0,0,1,0,1,0,0,0,1,0
loan,participant-168,accuracy,LP002534,8,accept,accept,reject,reject,1,0,0,0,1,0,1,0,0,0,1,0
loan,participant-168,accuracy,LP002181,9,reject,reject,accept,accept,1,0,0,0,1,0,1,0,0,0,1,0
loan,participant-168,accuracy,LP001451,10,reject,accept,accept,accept,0,0,0,1,0,0,0,0,0,0,0,1
loan,participant-78,analogy,LP002142,1,reject,reject,reject,reject,1,1,1,1,0,0,0,0,1,0,0,0
loan,participant-78,analogy,LP001849,2,reject,reject,reject,reject,1,1,1,1,0,0,0,0,1,0,0,0
loan,participant-78,analogy,LP002181,3,reject,reject,accept,accept,1,0,0,0,1,0,1,0,0,0,1,0
loan,participant-78,analogy,LP001451,4,reject,accept,accept,accept,0,0,0,1,0,0,0,0,0,0,0,1
loan,participant-78,analogy,LP001806,5,accept,reject,reject,reject,0,0,0,1,0,0,0,0,0,0,0,1
loan,participant-78,analogy,LP001882,6,accept,accept,reject,accept,1,0,1,1,0,1,1,0,1,0,0,0
loan,participant-78,analogy,LP002534,7,accept,accept,reject,reject,1,0,0,0,1,0,1,0,0,0,1,0
loan,participant-78,analogy,LP002068,8,accept,accept,reject,reject,1,0,0,0,1,0,1,0,0,0,1,0
loan,participant-78,analogy,LP002840,9,reject,accept,accept,accept,0,0,0,1,0,0,0,0,0,0,0,1
loan,participant-78,analogy,LP001030,10,accept,accept,accept,accept,1,1,1,1,0,0,0,0,1,0,0,0
loan,participant-165,analogy,LP001030,1,accept,accept,accept,accept,1,1,1,1,0,0,0,0,1,0,0,0
loan,participant-165,analogy,LP002534,2,accept,accept,accept,accept,1,1,1,1,0,0,0,0,1,0,0,0
loan,participant-165,analogy,LP001451,3,reject,reject,accept,accept,1,0,0,0,1,0,1,0,0,0,1,0
loan,participant-165,analogy,LP002181,4,reject,accept,accept,accept,0,0,0,1,0,0,0,0,0,0,0,1
loan,participant-165,analogy,LP002142,5,reject,reject,reject,reject,1,1,1,1,0,0,0,0,1,0,0,0
loan,participant-165,analogy,LP002068,6,accept,accept,accept,accept,1,1,1,1,0,0,0,0,1,0,0,0
loan,participant-165,analogy,LP001806,7,accept,accept,accept,accept,1,1,1,1,0,0,0,0,1,0,0,0
loan,participant-165,analogy,LP001882,8,accept,reject,reject,reject,0,0,0,1,0,0,0,0,0,0,0,1
loan,participant-165,analogy,LP001849,9,reject,accept,accept,accept,0,0,0,1,0,0,0,0,0,0,0,1
loan,participant-165,analogy,LP002840,10,reject,reject,accept,accept,1,0,0,0,1,0,1,0,0,0,1,0
loan,participant-214,analogy,LP002181,1,reject,reject,accept,accept,1,0,0,0,1,0,1,0,0,0,1,0
loan,participant-214,analogy,LP002142,2,reject,reject,accept,accept,1,0,0,0,1,0,1,0,0,0,1,0
loan,participant-214,analogy,LP002840,3,reject,reject,accept,accept,1,0,0,0,1,0,1,0,0,0,1,0
loan,participant-214,analogy,LP001849,4,reject,accept,accept,accept,0,0,0,1,0,0,0,0,0,0,0,1
loan,participant-214,analogy,LP001030,5,accept,accept,accept,accept,1,1,1,1,0,0,0,0,1,0,0,0
loan,participant-214,analogy,LP001806,6,accept,accept,reject,accept,1,0,1,1,0,1,1,0,1,0,0,0
loan,participant-214,analogy,LP002534,7,accept,reject,reject,reject,0,0,0,1,0,0,0,0,0,0,0,1
loan,participant-214,analogy,LP001882,8,accept,reject,reject,reject,0,0,0,1,0,0,0,0,0,0,0,1
loan,participant-214,analogy,LP002068,9,accept,accept,reject,accept,1,0,1,1,0,1,1,0,1,0,0,0
loan,participant-214,analogy,LP001451,10,reject,reject,accept,reject,1,0,1,1,0,1,1,0,1,0,0,0
loan,participant-137,accuracy,LP002840,1,reject,accept,accept,accept,0,0,0,1,0,0,0,0,0,0,0,1
loan,participant-137,accuracy,LP002068,2,accept,accept,accept,accept,1,1,1,1,0,0,0,0,1,0,0,0
loan,participant-137,accuracy,LP001451,3,reject,accept,accept,accept,0,0,0,1,0,0,0,0,0,0,0,1
loan,participant-137,accuracy,LP002534,4,accept,accept,reject,reject,1,0,0,0,1,0,1,0,0,0,1,0
loan,participant-137,accuracy,LP001806,5,accept,accept,accept,accept,1,1,1,1,0,0,0,0,1,0,0,0
loan,participant-137,accuracy,LP002181,6,reject,reject,accept,reject,1,0,1,1,0,1,1,0,1,0,0,0
loan,participant-137,accuracy,LP001030,7,accept,reject,accept,reject,0,1,0,1,0,1,0,1,0,0,0,1
loan,participant-137,accuracy,LP001882,8,accept,accept,reject,accept,1,0,1,1,0,1,1,0,1,0,0,0
loan,participant-137,accuracy,LP001849,9,reject,reject,reject,reject,1,1,1,1,0,0,0,0,1,0,0,0
loan,participant-137,accuracy,LP002142,10,reject,reject,accept,reject,1,0,1,1,0,1,1,0,1,0,0,0
loan,participant-167,accuracy,LP002840,1,reject,reject,accept,accept,1,0,0,0,1,0,1,0,0,0,1,0
loan,participant-167,accuracy,LP001849,2,reject,reject,accept,accept,1,0,0,0,1,0,1,0,0,0,1,0
loan,participant-167,accuracy,LP002181,3,reject,reject,accept,accept,1,0,0,0,1,0,1,0,0,0,1,0
loan,participant-167,accuracy,LP001806,4,accept,reject,accept,reject,0,1,0,1,0,1,0,1,0,0,0,1
loan,participant-167,accuracy,LP002142,5,reject,accept,reject,accept,0,1,0,1,0,1,0,1,0,0,0,1
loan,participant-167,accuracy,LP001882,6,accept,accept,accept,accept,1,1,1,1,0,0,0,0,1,0,0,0
loan,participant-167,accuracy,LP001030,7,accept,accept,reject,accept,1,0,1,1,0,1,1,0,1,0,0,0
loan,participant-167,accuracy,LP002534,8,accept,accept,reject,accept,1,0,1,1,0,1,1,0,1,0,0,0
loan,participant-167,accuracy,LP001451,9,reject,accept,accept,accept,0,0,0,1,0,0,0,0,0,0,0,1
loan,participant-167,accuracy,LP002068,10,accept,accept,reject,reject,1,0,0,0,1,0,1,0,0,0,1,0
loan,participant-206,analogy,LP002181,1,reject,reject,accept,reject,1,0,1,1,0,1,1,0,1,0,0,0
loan,participant-206,analogy,LP001882,2,accept,reject,accept,accept,0,1,1,0,1,0,0,1,1,1,0,0
loan,participant-206,analogy,LP001849,3,reject,reject,reject,reject,1,1,1,1,0,0,0,0,1,0,0,0
loan,participant-206,analogy,LP002534,4,accept,accept,reject,accept,1,0,1,1,0,1,1,0,1,0,0,0
loan,participant-206,analogy,LP002142,5,reject,reject,accept,accept,1,0,0,0,1,0,1,0,0,0,1,0
loan,participant-206,analogy,LP002068,6,accept,accept,reject,accept,1,0,1,1,0,1,1,0,1,0,0,0
loan,participant-206,analogy,LP002840,7,reject,accept,accept,accept,0,0,0,1,0,0,0,0,0,0,0,1
loan,participant-206,analogy,LP001451,8,reject,accept,accept,accept,0,0,0,1,0,0,0,0,0,0,0,1
loan,participant-206,analogy,LP001030,9,accept,accept,accept,accept,1,1,1,1,0,0,0,0,1,0,0,0
loan,participant-206,analogy,LP001806,10,accept,accept,reject,reject,1,0,0,0,1,0,1,0,0,0,1,0
loan,participant-157,accuracy,LP002534,1,accept,reject,accept,reject,0,1,0,1,0,1,0,1,0,0,0,1
loan,participant-157,accuracy,LP002181,2,reject,accept,accept,accept,0,0,0,1,0,0,0,0,0,0,0,1
loan,participant-157,accuracy,LP002142,3,reject,reject,accept,accept,1,0,0,0,1,0,1,0,0,0,1,0
loan,participant-157,accuracy,LP001806,4,accept,reject,reject,reject,0,0,0,1,0,0,0,0,0,0,0,1
loan,participant-157,accuracy,LP001030,5,accept,accept,accept,accept,1,1,1,1,0,0,0,0,1,0,0,0
loan,participant-157,accuracy,LP002840,6,reject,reject,accept,accept,1,0,0,0,1,0,1,0,0,0,1,0
loan,participant-157,accuracy,LP001849,7,reject,reject,reject,reject,1,1,1,1,0,0,0,0,1,0,0,0
loan,participant-157,accuracy,LP001451,8,reject,reject,reject,reject,1,1,1,1,0,0,0,0,1,0,0,0
loan,participant-157,accuracy,LP001882,9,accept,accept,reject,reject,1,0,0,0,1,0,1,0,0,0,1,0
loan,participant-157,accuracy,LP002068,10,accept,accept,accept,accept,1,1,1,1,0,0,0,0,1,0,0,0
loan,participant-247,system,LP002068,1,accept,accept,reject,reject,1,0,0,0,1,0,1,0,0,0,1,0
loan,participant-247,system,LP001882,2,accept,accept,accept,accept,1,1,1,1,0,0,0,0,1,0,0,0
loan,participant-247,system,LP001030,3,accept,accept,accept,accept,1,1,1,1,0,0,0,0,1,0,0,0
loan,participant-247,system,LP001849,4,reject,reject,reject,reject,1,1,1,1,0,0,0,0,1,0,0,0
loan,participant-247,system,LP001451,5,reject,reject,accept,accept,1,0,0,0,1,0,1,0,0,0,1,0
loan,participant-247,system,LP002534,6,accept,accept,reject,reject,1,0,0,0,1,0,1,0,0,0,1,0
loan,participant-247,system,LP002181,7,reject,reject,accept,accept,1,0,0,0,1,0,1,0,0,0,1,0
loan,participant-247,system,LP002840,8,reject,accept,accept,accept,0,0,0,1,0,0,0,0,0,0,0,1
loan,participant-247,system,LP001806,9,accept,reject,accept,accept,0,1,1,0,1,0,0,1,1,1,0,0
loan,participant-247,system,LP002142,10,reject,accept,reject,accept,0,1,0,1,0,1,0,1,0,0,0,1
loan,participant-133,system,LP002840,1,reject,reject,accept,accept,1,0,0,0,1,0,1,0,0,0,1,0
loan,participant-133,system,LP002534,2,accept,reject,accept,reject,0,1,0,1,0,1,0,1,0,0,0,1
loan,participant-133,system,LP001882,3,accept,accept,reject,accept,1,0,1,1,0,1,1,0,1,0,0,0
loan,participant-133,system,LP002068,4,accept,accept,reject,reject,1,0,0,0,1,0,1,0,0,0,1,0
loan,participant-133,system,LP002181,5,reject,accept,accept,accept,0,0,0,1,0,0,0,0,0,0,0,1
loan,participant-133,system,LP001451,6,reject,reject,accept,accept,1,0,0,0,1,0,1,0,0,0,1,0
loan,participant-133,system,LP002142,7,reject,accept,accept,accept,0,0,0,1,0,0,0,0,0,0,0,1
loan,participant-133,system,LP001849,8,reject,reject,accept,accept,1,0,0,0,1,0,1,0,0,0,1,0
loan,participant-133,system,LP001030,9,accept,accept,accept,accept,1,1,1,1,0,0,0,0,1,0,0,0
loan,participant-133,system,LP001806,10,accept,accept,accept,accept,1,1,1,1,0,0,0,0,1,0,0,0
loan,participant-229,accuracy,LP002142,1,reject,accept,accept,accept,0,0,0,1,0,0,0,0,0,0,0,1
loan,participant-229,accuracy,LP002840,2,reject,reject,accept,accept,1,0,0,0,1,0,1,0,0,0,1,0
loan,participant-229,accuracy,LP002181,3,reject,reject,accept,accept,1,0,0,0,1,0,1,0,0,0,1,0
loan,participant-229,accuracy,LP001806,4,accept,accept,reject,accept,1,0,1,1,0,1,1,0,1,0,0,0
loan,participant-229,accuracy,LP002068,5,accept,accept,reject,reject,1,0,0,0,1,0,1,0,0,0,1,0
loan,participant-229,accuracy,LP001882,6,accept,accept,reject,reject,1,0,0,0,1,0,1,0,0,0,1,0
loan,participant-229,accuracy,LP001849,7,reject,reject,accept,accept,1,0,0,0,1,0,1,0,0,0,1,0
loan,participant-229,accuracy,LP001030,8,accept,reject,reject,reject,0,0,0,1,0,0,0,0,0,0,0,1
loan,participant-229,accuracy,LP002534,9,accept,accept,accept,accept,1,1,1,1,0,0,0,0,1,0,0,0
loan,participant-229,accuracy,LP001451,10,reject,accept,accept,accept,0,0,0,1,0,0,0,0,0,0,0,1
loan,participant-82,accuracy,LP001451,1,reject,reject,accept,reject,1,0,1,1,0,1,1,0,1,0,0,0
loan,participant-82,accuracy,LP001806,2,accept,reject,reject,reject,0,0,0,1,0,0,0,0,0,0,0,1
loan,participant-82,accuracy,LP001882,3,accept,reject,reject,reject,0,0,0,1,0,0,0,0,0,0,0,1
loan,participant-82,accuracy,LP002534,4,accept,reject,reject,reject,0,0,0,1,0,0,0,0,0,0,0,1
loan,participant-82,accuracy,LP002142,5,reject,reject,reject,reject,1,1,1,1,0,0,0,0,1,0,0,0
loan,participant-82,accuracy,LP002068,6,accept,accept,reject,reject,1,0,0,0,1,0,1,0,0,0,1,0
loan,participant-82,accuracy,LP001030,7,accept,accept,accept,accept,1,1,1,1,0,0,0,0,1,0,0,0
loan,participant-82,accuracy,LP002840,8,reject,reject,accept,accept,1,0,0,0,1,0,1,0,0,0,1,0
loan,participant-82,accuracy,LP002181,9,reject,reject,reject,reject,1,1,1,1,0,0,0,0,1,0,0,0
loan,participant-82,accuracy,LP001849,10,reject,reject,reject,reject,1,1,1,1,0,0,0,0,1,0,0,0
loan,participant-132,accuracy,LP001882,1,accept,accept,reject,accept,1,0,1,1,0,1,1,0,1,0,0,0
loan,participant-132,accuracy,LP002142,2,reject,reject,accept,reject,1,0,1,1,0,1,1,0,1,0,0,0
loan,participant-132,accuracy,LP002068,3,accept,accept,accept,accept,1,1,1,1,0,0,0,0,1,0,0,0
loan,participant-132,accuracy,LP001030,4,accept,accept,accept,accept,1,1,1,1,0,0,0,0,1,0,0,0
loan,participant-132,accuracy,LP002534,5,accept,accept,reject,accept,1,0,1,1,0,1,1,0,1,0,0,0
loan,participant-132,accuracy,LP001849,6,reject,accept,accept,accept,0,0,0,1,0,0,0,0,0,0,0,1
loan,participant-132,accuracy,LP002181,7,reject,reject,accept,reject,1,0,1,1,0,1,1,0,1,0,0,0
loan,participant-132,accuracy,LP001451,8,reject,reject,accept,reject,1,0,1,1,0,1,1,0,1,0,0,0
loan,participant-132,accuracy,LP001806,9,accept,reject,accept,reject,0,1,0,1,0,1,0,1,0,0,0,1
loan,participant-132,accuracy,LP002840,10,reject,accept,accept,accept,0,0,0,1,0,0,0,0,0,0,0,1
loan,participant-28,system,LP001451,1,reject,accept,reject,reject,0,1,1,0,1,0,0,1,1,1,0,0
loan,participant-28,system,LP002181,2,reject,accept,accept,accept,0,0,0,1,0,0,0,0,0,0,0,1
loan,participant-28,system,LP001030,3,accept,reject,reject,reject,0,0,0,1,0,0,0,0,0,0,0,1
loan,participant-28,system,LP002840,4,reject,reject,accept,accept,1,0,0,0,1,0,1,0,0,0,1,0
loan,participant-28,system,LP001882,5,accept,accept,reject,reject,1,0,0,0,1,0,1,0,0,0,1,0
loan,participant-28,system,LP002534,6,accept,accept,accept,accept,1,1,1,1,0,0,0,0,1,0,0,0
loan,participant-28,system,LP001806,7,accept,accept,accept,accept,1,1,1,1,0,0,0,0,1,0,0,0
loan,participant-28,system,LP002142,8,reject,reject,reject,reject,1,1,1,1,0,0,0,0,1,0,0,0
loan,participant-28,system,LP002068,9,accept,accept,accept,accept,1,1,1,1,0,0,0,0,1,0,0,0
loan,participant-28,system,LP001849,10,reject,reject,accept,reject,1,0,1,1,0,1,1,0,1,0,0,0
loan,participant-138,analogy,LP002534,1,accept,accept,accept,accept,1,1,1,1,0,0,0,0,1,0,0,0
loan,participant-138,analogy,LP001806,2,accept,accept,accept,accept,1,1,1,1,0,0,0,0,1,0,0,0
loan,participant-138,analogy,LP001451,3,reject,accept,accept,accept,0,0,0,1,0,0,0,0,0,0,0,1
loan,participant-138,analogy,LP001030,4,accept,accept,reject,accept,1,0,1,1,0,1,1,0,1,0,0,0
loan,participant-138,analogy,LP002840,5,reject,reject,accept,accept,1,0,0,0,1,0,1,0,0,0,1,0
loan,participant-138,analogy,LP001882,6,accept,reject,reject,reject,0,0,0,1,0,0,0,0,0,0,0,1
loan,participant-138,analogy,LP002142,7,reject,reject,reject,reject,1,1,1,1,0,0,0,0,1,0,0,0
loan,participant-138,analogy,LP002068,8,accept,accept,reject,accept,1,0,1,1,0,1,1,0,1,0,0,0
loan,participant-138,analogy,LP001849,9,reject,reject,accept,reject,1,0,1,1,0,1,1,0,1,0,0,0
loan,participant-138,analogy,LP002181,10,reject,accept,accept,accept,0,0,0,1,0,0,0,0,0,0,0,1
loan,participant-146,accuracy,LP002181,1,reject,reject,reject,reject,1,1,1,1,0,0,0,0,1,0,0,0
loan,participant-146,accuracy,LP001806,2,accept,accept,accept,accept,1,1,1,1,0,0,0,0,1,0,0,0
loan,participant-146,accuracy,LP002068,3,accept,reject,reject,reject,0,0,0,1,0,0,0,0,0,0,0,1
loan,participant-146,accuracy,LP002534,4,accept,accept,reject,accept,1,0,1,1,0,1,1,0,1,0,0,0
loan,participant-146,accuracy,LP001882,5,accept,accept,reject,accept,1,0,1,1,0,1,1,0,1,0,0,0
loan,participant-146,accuracy,LP001030,6,accept,accept,accept,accept,1,1,1,1,0,0,0,0,1,0,0,0
loan,participant-146,accuracy,LP002142,7,reject,accept,reject,reject,0,1,1,0,1,0,0,1,1,1,0,0
loan,participant-146,accuracy,LP002840,8,reject,accept,accept,accept,0,0,0,1,0,0,0,0,0,0,0,1
loan,participant-146,accuracy,LP001849,9,reject,reject,reject,reject,1,1,1,1,0,0,0,0,1,0,0,0
loan,participant-146,accuracy,LP001451,10,reject,reject,accept,reject,1,0,1,1,0,1,1,0,1,0,0,0
loan,participant-248,analogy,LP001849,1,reject,reject,reject,reject,1,1,1,1,0,0,0,0,1,0,0,0
loan,participant-248,analogy,LP001451,2,reject,accept,accept,accept,0,0,0,1,0,0,0,0,0,0,0,1
loan,participant-248,analogy,LP001030,3,accept,accept,accept,accept,1,1,1,1,0,0,0,0,1,0,0,0
loan,participant-248,analogy,LP002142,4,reject,reject,accept,accept,1,0,0,0,1,0,1,0,0,0,1,0
loan,participant-248,analogy,LP001806,5,accept,accept,accept,accept,1,1,1,1,0,0,0,0,1,0,0,0
loan,participant-248,analogy,LP001882,6,accept,accept,accept,accept,1,1,1,1,0,0,0,0,1,0,0,0
loan,participant-248,analogy,LP002181,7,reject,accept,accept,accept,0,0,0,1,0,0,0,0,0,0,0,1
loan,participant-248,analogy,LP002534,8,accept,accept,reject,accept,1,0,1,1,0,1,1,0,1,0,0,0
loan,participant-248,analogy,LP002840,9,reject,accept,accept,accept,0,0,0,1,0,0,0,0,0,0,0,1
loan,participant-248,analogy,LP002068,10,accept,accept,reject,accept,1,0,1,1,0,1,1,0,1,0,0,0
loan,participant-50,accuracy,LP002840,1,reject,reject,accept,reject,1,0,1,1,0,1,1,0,1,0,0,0
loan,participant-50,accuracy,LP001451,2,reject,accept,accept,accept,0,0,0,1,0,0,0,0,0,0,0,1
loan,participant-50,accuracy,LP002068,3,accept,accept,reject,reject,1,0,0,0,1,0,1,0,0,0,1,0
loan,participant-50,accuracy,LP001849,4,reject,reject,reject,reject,1,1,1,1,0,0,0,0,1,0,0,0
loan,participant-50,accuracy,LP001806,5,accept,accept,accept,accept,1,1,1,1,0,0,0,0,1,0,0,0
loan,participant-50,accuracy,LP002534,6,accept,reject,accept,reject,0,1,0,1,0,1,0,1,0,0,0,1
loan,participant-50,accuracy,LP001882,7,accept,accept,reject,reject,1,0,0,0,1,0,1,0,0,0,1,0
loan,participant-50,accuracy,LP001030,8,accept,reject,accept,accept,0,1,1,0,1,0,0,1,1,1,0,0
loan,participant-50,accuracy,LP002181,9,reject,reject,accept,reject,1,0,1,1,0,1,1,0,1,0,0,0
loan,participant-50,accuracy,LP002142,10,reject,reject,accept,accept,1,0,0,0,1,0,1,0,0,0,1,0
loan,participant-239,analogy,LP001030,1,accept,accept,accept,accept,1,1,1,1,0,0,0,0,1,0,0,0
loan,participant-239,analogy,LP002840,2,reject,reject,accept,accept,1,0,0,0,1,0,1,0,0,0,1,0
loan,participant-239,analogy,LP001849,3,reject,accept,reject,accept,0,1,0,1,0,1,0,1,0,0,0,1
loan,participant-239,analogy,LP002534,4,accept,accept,reject,accept,1,0,1,1,0,1,1,0,1,0,0,0
loan,participant-239,analogy,LP002068,5,accept,accept,accept,accept,1,1,1,1,0,0,0,0,1,0,0,0
loan,participant-239,analogy,LP002142,6,reject,reject,reject,reject,1,1,1,1,0,0,0,0,1,0,0,0
loan,participant-239,analogy,LP002181,7,reject,accept,accept,accept,0,0,0,1,0,0,0,0,0,0,0,1
loan,participant-239,analogy,LP001451,8,reject,accept,accept,accept,0,0,0,1,0,0,0,0,0,0,0,1
loan,participant-239,analogy,LP001806,9,accept,accept,accept,accept,1,1,1,1,0,0,0,0,1,0,0,0
loan,participant-239,analogy,LP001882,10,accept,accept,accept,accept,1,1,1,1,0,0,0,0,1,0,0,0
loan,participant-47,system,LP001451,1,reject,reject,accept,reject,1,0,1,1,0,1,1,0,1,0,0,0
loan,participant-47,system,LP001806,2,accept,reject,reject,reject,0,0,0,1,0,0,0,0,0,0,0,1
loan,participant-47,system,LP001882,3,accept,accept,accept,accept,1,1,1,1,0,0,0,0,1,0,0,0
loan,participant-47,system,LP002840,4,reject,reject,accept,accept,1,0,0,0,1,0,1,0,0,0,1,0
loan,participant-47,system,LP002142,5,reject,accept,reject,accept,0,1,0,1,0,1,0,1,0,0,0,1
loan,participant-47,system,LP002181,6,reject,reject,accept,reject,1,0,1,1,0,1,1,0,1,0,0,0
loan,participant-47,system,LP002534,7,accept,accept,accept,accept,1,1,1,1,0,0,0,0,1,0,0,0
loan,participant-47,system,LP001030,8,accept,accept,reject,accept,1,0,1,1,0,1,1,0,1,0,0,0
loan,participant-47,system,LP001849,9,reject,reject,reject,reject,1,1,1,1,0,0,0,0,1,0,0,0
loan,participant-47,system,LP002068,10,accept,reject,reject,reject,0,0,0,1,0,0,0,0,0,0,0,1
loan,participant-175,accuracy,LP002840,1,reject,reject,accept,accept,1,0,0,0,1,0,1,0,0,0,1,0
loan,participant-175,accuracy,LP002068,2,accept,accept,reject,accept,1,0,1,1,0,1,1,0,1,0,0,0
loan,participant-175,accuracy,LP001806,3,accept,reject,reject,reject,0,0,0,1,0,0,0,0,0,0,0,1
loan,participant-175,accuracy,LP002534,4,accept,accept,accept,accept,1,1,1,1,0,0,0,0,1,0,0,0
loan,participant-175,accuracy,LP002181,5,reject,reject,accept,accept,1,0,0,0,1,0,1,0,0,0,1,0
loan,participant-175,accuracy,LP002142,6,reject,reject,accept,reject,1,0,1,1,0,1,1,0,1,0,0,0
loan,participant-175,accuracy,LP001849,7,reject,accept,accept,reject,0,0,1,0,1,1,0,0,1,1,0,0
loan,participant-175,accuracy,LP001882,8,accept,accept,reject,reject,1,0,0,0,1,0,1,0,0,0,1,0
loan,participant-175,accuracy,LP001030,9,accept,reject,accept,accept,0,1,1,0,1,0,0,1,1,1,0,0
loan,participant-175,accuracy,LP001451,10,reject,reject,reject,reject,1,1,1,1,0,0,0,0,1,0,0,0
loan,participant-194,system,LP002534,1,accept,reject,accept,reject,0,1,0,1,0,1,0,1,0,0,0,1
loan,participant-194,system,LP002840,2,reject,reject,accept,accept,1,0,0,0,1,0,1,0,0,0,1,0
loan,participant-194,system,LP001849,3,reject,reject,reject,reject,1,1,1,1,0,0,0,0,1,0,0,0
loan,participant-194,system,LP002068,4,accept,reject,reject,reject,0,0,0,1,0,0,0,0,0,0,0,1
loan,participant-194,system,LP001030,5,accept,accept,accept,accept,1,1,1,1,0,0,0,0,1,0,0,0
loan,participant-194,system,LP002181,6,reject,reject,reject,reject,1,1,1,1,0,0,0,0,1,0,0,0
loan,participant-194,system,LP001882,7,accept,accept,reject,reject,1,0,0,0,1,0,1,0,0,0,1,0
loan,participant-194,system,LP002142,8,reject,reject,reject,reject,1,1,1,1,0,0,0,0,1,0,0,0
loan,participant-194,system,LP001451,9,reject,reject,accept,reject,1,0,1,1,0,1,1,0,1,0,0,0
loan,participant-194,system,LP001806,10,accept,reject,reject,reject,0,0,0,1,0,0,0,0,0,0,0,1
loan,participant-121,accuracy,LP002840,1,reject,reject,accept,reject,1,0,1,1,0,1,1,0,1,0,0,0
loan,participant-121,accuracy,LP002068,2,accept,accept,reject,reject,1,0,0,0,1,0,1,0,0,0,1,0
loan,participant-121,accuracy,LP002534,3,accept,reject,accept,accept,0,1,1,0,1,0,0,1,1,1,0,0
loan,participant-121,accuracy,LP002142,4,reject,accept,accept,accept,0,0,0,1,0,0,0,0,0,0,0,1
loan,participant-121,accuracy,LP001451,5,reject,reject,accept,accept,1,0,0,0,1,0,1,0,0,0,1,0
loan,participant-121,accuracy,LP001849,6,reject,reject,reject,reject,1,1,1,1,0,0,0,0,1,0,0,0
loan,participant-121,accuracy,LP001030,7,accept,accept,accept,accept,1,1,1,1,0,0,0,0,1,0,0,0
loan,participant-121,accuracy,LP001806,8,accept,accept,reject,accept,1,0,1,1,0,1,1,0,1,0,0,0
loan,participant-121,accuracy,LP001882,9,accept,reject,reject,reject,0,0,0,1,0,0,0,0,0,0,0,1
loan,participant-121,accuracy,LP002181,10,reject,reject,accept,reject,1,0,1,1,0,1,1,0,1,0,0,0
loan,participant-87,accuracy,LP002840,1,reject,accept,accept,accept,0,0,0,1,0,0,0,0,0,0,0,1
loan,participant-87,accuracy,LP001849,2,reject,accept,accept,accept,0,0,0,1,0,0,0,0,0,0,0,1
loan,participant-87,accuracy,LP001882,3,accept,accept,reject,accept,1,0,1,1,0,1,1,0,1,0,0,0
loan,participant-87,accuracy,LP001806,4,accept,accept,accept,accept,1,1,1,1,0,0,0,0,1,0,0,0
loan,participant-87,accuracy,LP002181,5,reject,reject,accept,accept,1,0,0,0,1,0,1,0,0,0,1,0
loan,participant-87,accuracy,LP002068,6,accept,accept,reject,accept,1,0,1,1,0,1,1,0,1,0,0,0
loan,participant-87,accuracy,LP002534,7,accept,accept,accept,accept,1,1,1,1,0,0,0,0,1,0,0,0
loan,participant-87,accuracy,LP002142,8,reject,reject,accept,reject,1,0,1,1,0,1,1,0,1,0,0,0
loan,participant-87,accuracy,LP001030,9,accept,accept,accept,accept,1,1,1,1,0,0,0,0,1,0,0,0
loan,participant-87,accuracy,LP001451,10,reject,accept,accept,accept,0,0,0,1,0,0,0,0,0,0,0,1
loan,participant-72,analogy,LP001451,1,reject,reject,accept,accept,1,0,0,0,1,0,1,0,0,0,1,0
loan,participant-72,analogy,LP001849,2,reject,accept,reject,reject,0,1,1,0,1,0,0,1,1,1,0,0
loan,participant-72,analogy,LP002181,3,reject,reject,accept,reject,1,0,1,1,0,1,1,0,1,0,0,0
loan,participant-72,analogy,LP002068,4,accept,accept,accept,accept,1,1,1,1,0,0,0,0,1,0,0,0
loan,participant-72,analogy,LP001882,5,accept,accept,reject,reject,1,0,0,0,1,0,1,0,0,0,1,0
loan,participant-72,analogy,LP002840,6,reject,reject,reject,reject,1,1,1,1,0,0,0,0,1,0,0,0
loan,participant-72,analogy,LP001806,7,accept,reject,accept,accept,0,1,1,0,1,0,0,1,1,1,0,0
loan,participant-72,analogy,LP002142,8,reject,reject,reject,reject,1,1,1,1,0,0,0,0,1,0,0,0
loan,participant-72,analogy,LP002534,9,accept,accept,reject,reject,1,0,0,0,1,0,1,0,0,0,1,0
loan,participant-72,analogy,LP001030,10,accept,reject,accept,accept,0,1,1,0,1,0,0,1,1,1,0,0
loan,participant-127,system,LP001849,1,reject,reject,reject,reject,1,1,1,1,0,0,0,0,1,0,0,0
loan,participant-127,system,LP002068,2,accept,reject,reject,reject,0,0,0,1,0,0,0,0,0,0,0,1
loan,participant-127,system,LP002142,3,reject,reject,accept,reject,1,0,1,1,0,1,1,0,1,0,0,0
loan,participant-127,system,LP001806,4,accept,accept,accept,accept,1,1,1,1,0,0,0,0,1,0,0,0
loan,participant-127,system,LP002181,5,reject,reject,accept,accept,1,0,0,0,1,0,1,0,0,0,1,0
loan,participant-127,system,LP001030,6,accept,reject,accept,reject,0,1,0,1,0,1,0,1,0,0,0,1
loan,participant-127,system,LP002840,7,reject,accept,accept,accept,0,0,0,1,0,0,0,0,0,0,0,1
loan,participant-127,system,LP002534,8,accept,accept,reject,accept,1,0,1,1,0,1,1,0,1,0,0,0
loan,participant-127,system,LP001451,9,reject,reject,accept,reject,1,0,1,1,0,1,1,0,1,0,0,0
loan,participant-127,system,LP001882,10,accept,accept,reject,reject,1,0,0,0,1,0,1,0,0,0,1,0
loan,participant-18,analogy,LP001882,1,accept,accept,reject,accept,1,0,1,1,0,1,1,0,1,0,0,0
loan,participant-18,analogy,LP001451,2,reject,reject,accept,accept,1,0,0,0,1,0,1,0,0,0,1,0
loan,participant-18,analogy,LP002840,3,reject,accept,accept,accept,0,0,0,1,0,0,0,0,0,0,0,1
loan,participant-18,analogy,LP002534,4,accept,accept,reject,accept,1,0,1,1,0,1,1,0,1,0,0,0
loan,participant-18,analogy,LP001806,5,accept,reject,accept,accept,0,1,1,0,1,0,0,1,1,1,0,0
loan,participant-18,analogy,LP001849,6,reject,reject,accept,accept,1,0,0,0,1,0,1,0,0,0,1,0
loan,participant-18,analogy,LP002181,7,reject,reject,accept,reject,1,0,1,1,0,1,1,0,1,0,0,0
loan,participant-18,analogy,LP001030,8,accept,accept,accept,accept,1,1,1,1,0,0,0,0,1,0,0,0
loan,participant-18,analogy,LP002068,9,accept,accept,reject,accept,1,0,1,1,0,1,1,0,1,0,0,0
loan,participant-18,analogy,LP002142,10,reject,accept,accept,accept,0,0,0,1,0,0,0,0,0,0,0,1
loan,participant-258,analogy,LP001849,1,reject,reject,reject,reject,1,1,1,1,0,0,0,0,1,0,0,0
loan,participant-258,analogy,LP002181,2,reject,accept,accept,accept,0,0,0,1,0,0,0,0,0,0,0,1
loan,participant-258,analogy,LP002068,3,accept,accept,reject,accept,1,0,1,1,0,1,1,0,1,0,0,0
loan,participant-258,analogy,LP001030,4,accept,reject,accept,accept,0,1,1,0,1,0,0,1,1,1,0,0
loan,participant-258,analogy,LP001806,5,accept,reject,accept,reject,0,1,0,1,0,1,0,1,0,0,0,1
loan,participant-258,analogy,LP002840,6,reject,reject,accept,accept,1,0,0,0,1,0,1,0,0,0,1,0
loan,participant-258,analogy,LP001882,7,accept,accept,accept,accept,1,1,1,1,0,0,0,0,1,0,0,0
loan,participant-258,analogy,LP001451,8,reject,reject,reject,reject,1,1,1,1,0,0,0,0,1,0,0,0
loan,participant-258,analogy,LP002142,9,reject,reject,reject,reject,1,1,1,1,0,0,0,0,1,0,0,0
loan,participant-258,analogy,LP002534,10,accept,accept,reject,accept,1,0,1,1,0,1,1,0,1,0,0,0
loan,participant-134,system,LP001849,1,reject,reject,reject,reject,1,1,1,1,0,0,0,0,1,0,0,0
loan,participant-134,system,LP002534,2,accept,reject,reject,reject,0,0,0,1,0,0,0,0,0,0,0,1
loan,participant-134,system,LP002068,3,accept,reject,reject,reject,0,0,0,1,0,0,0,0,0,0,0,1
loan,participant-134,system,LP002840,4,reject,accept,accept,accept,0,0,0,1,0,0,0,0,0,0,0,1
loan,participant-134,system,LP002181,5,reject,reject,accept,accept,1,0,0,0,1,0,1,0,0,0,1,0
loan,participant-134,system,LP002142,6,reject,reject,reject,reject,1,1,1,1,0,0,0,0,1,0,0,0
loan,participant-134,system,LP001030,7,accept,accept,accept,accept,1,1,1,1,0,0,0,0,1,0,0,0
loan,participant-134,system,LP001451,8,reject,reject,accept,reject,1,0,1,1,0,1,1,0,1,0,0,0
loan,participant-134,system,LP001882,9,accept,accept,reject,accept,1,0,1,1,0,1,1,0,1,0,0,0
loan,participant-134,system,LP001806,10,accept,accept,accept,accept,1,1,1,1,0,0,0,0,1,0,0,0
loan,participant-170,accuracy,LP002181,1,reject,reject,reject,reject,1,1,1,1,0,0,0,0,1,0,0,0
loan,participant-170,accuracy,LP001451,2,reject,reject,reject,reject,1,1,1,1,0,0,0,0,1,0,0,0
loan,participant-170,accuracy,LP002142,3,reject,reject,reject,reject,1,1,1,1,0,0,0,0,1,0,0,0
loan,participant-170,accuracy,LP001849,4,reject,reject,reject,reject,1,1,1,1,0,0,0,0,1,0,0,0
loan,participant-170,accuracy,LP001882,5,accept,reject,reject,reject,0,0,0,1,0,0,0,0,0,0,0,1
loan,participant-170,accuracy,LP001806,6,accept,accept,accept,accept,1,1,1,1,0,0,0,0,1,0,0,0
loan,participant-170,accuracy,LP002068,7,accept,accept,reject,reject,1,0,0,0,1,0,1,0,0,0,1,0
loan,participant-170,accuracy,LP001030,8,accept,reject,accept,accept,0,1,1,0,1,0,0,1,1,1,0,0
loan,participant-170,accuracy,LP002534,9,accept,accept,accept,accept,1,1,1,1,0,0,0,0,1,0,0,0
loan,participant-170,accuracy,LP002840,10,reject,accept,accept,accept,0,0,0,1,0,0,0,0,0,0,0,1
loan,participant-166,analogy,LP002068,1,accept,reject,accept,reject,0,1,0,1,0,1,0,1,0,0,0,1
loan,participant-166,analogy,LP002534,2,accept,accept,reject,reject,1,0,0,0,1,0,1,0,0,0,1,0
loan,participant-166,analogy,LP001882,3,accept,reject,reject,reject,0,0,0,1,0,0,0,0,0,0,0,1
loan,participant-166,analogy,LP002142,4,reject,reject,accept,accept,1,0,0,0,1,0,1,0,0,0,1,0
loan,participant-166,analogy,LP002181,5,reject,reject,accept,reject,1,0,1,1,0,1,1,0,1,0,0,0
loan,participant-166,analogy,LP001806,6,accept,accept,reject,reject,1,0,0,0,1,0,1,0,0,0,1,0
loan,participant-166,analogy,LP001849,7,reject,reject,accept,accept,1,0,0,0,1,0,1,0,0,0,1,0
loan,participant-166,analogy,LP001451,8,reject,reject,accept,accept,1,0,0,0,1,0,1,0,0,0,1,0
loan,participant-166,analogy,LP002840,9,reject,accept,accept,accept,0,0,0,1,0,0,0,0,0,0,0,1
loan,participant-166,analogy,LP001030,10,accept,accept,reject,reject,1,0,0,0,1,0,1,0,0,0,1,0
loan,participant-73,accuracy,LP001806,1,accept,reject,accept,reject,0,1,0,1,0,1,0,1,0,0,0,1
loan,participant-73,accuracy,LP002181,2,reject,reject,reject,reject,1,1,1,1,0,0,0,0,1,0,0,0
loan,participant-73,accuracy,LP002840,3,reject,reject,accept,reject,1,0,1,1,0,1,1,0,1,0,0,0
loan,participant-73,accuracy,LP002534,4,accept,accept,reject,accept,1,0,1,1,0,1,1,0,1,0,0,0
loan,participant-73,accuracy,LP001030,5,accept,accept,accept,accept,1,1,1,1,0,0,0,0,1,0,0,0
loan,participant-73,accuracy,LP002068,6,accept,reject,reject,reject,0,0,0,1,0,0,0,0,0,0,0,1
loan,participant-73,accuracy,LP001882,7,accept,accept,accept,accept,1,1,1,1,0,0,0,0,1,0,0,0
loan,participant-73,accuracy,LP001849,8,reject,accept,reject,accept,0,1,0,1,0,1,0,1,0,0,0,1
loan,participant-73,accuracy,LP001451,9,reject,reject,accept,reject,1,0,1,1,0,1,1,0,1,0,0,0
loan,participant-73,accuracy,LP002142,10,reject,reject,reject,reject,1,1,1,1,0,0,0,0,1,0,0,0
loan,participant-41,analogy,LP001451,1,reject,reject,accept,accept,1,0,0,0,1,0,1,0,0,0,1,0
loan,participant-41,analogy,LP002142,2,reject,accept,accept,accept,0,0,0,1,0,0,0,0,0,0,0,1
loan,participant-41,analogy,LP002534,3,accept,accept,reject,reject,1,0,0,0,1,0,1,0,0,0,1,0
loan,participant-41,analogy,LP002181,4,reject,reject,accept,accept,1,0,0,0,1,0,1,0,0,0,1,0
loan,participant-41,analogy,LP002840,5,reject,reject,accept,accept,1,0,0,0,1,0,1,0,0,0,1,0
loan,participant-41,analogy,LP002068,6,accept,accept,accept,accept,1,1,1,1,0,0,0,0,1,0,0,0
loan,participant-41,analogy,LP001030,7,accept,reject,accept,accept,0,1,1,0,1,0,0,1,1,1,0,0
loan,participant-41,analogy,LP001849,8,reject,reject,reject,reject,1,1,1,1,0,0,0,0,1,0,0,0
loan,participant-41,analogy,LP001806,9,accept,reject,accept,accept,0,1,1,0,1,0,0,1,1,1,0,0
loan,participant-41,analogy,LP001882,10,accept,accept,accept,accept,1,1,1,1,0,0,0,0,1,0,0,0
loan,participant-224,system,LP002534,1,accept,accept,reject,accept,1,0,1,1,0,1,1,0,1,0,0,0
loan,participant-224,system,LP002840,2,reject,accept,accept,accept,0,0,0,1,0,0,0,0,0,0,0,1
loan,participant-224,system,LP001030,3,accept,reject,reject,reject,0,0,0,1,0,0,0,0,0,0,0,1
loan,participant-224,system,LP001451,4,reject,reject,accept,reject,1,0,1,1,0,1,1,0,1,0,0,0
loan,participant-224,system,LP002181,5,reject,accept,reject,accept,0,1,0,1,0,1,0,1,0,0,0,1
loan,participant-224,system,LP001882,6,accept,accept,accept,accept,1,1,1,1,0,0,0,0,1,0,0,0
loan,participant-224,system,LP002068,7,accept,accept,reject,accept,1,0,1,1,0,1,1,0,1,0,0,0
loan,participant-224,system,LP001849,8,reject,reject,reject,reject,1,1,1,1,0,0,0,0,1,0,0,0
loan,participant-224,system,LP002142,9,reject,reject,accept,reject,1,0,1,1,0,1,1,0,1,0,0,0
loan,participant-224,system,LP001806,10,accept,accept,accept,accept,1,1,1,1,0,0,0,0,1,0,0,0
loan,participant-15,system,LP002142,1,reject,reject,accept,reject,1,0,1,1,0,1,1,0,1,0,0,0
loan,participant-15,system,LP001451,2,reject,reject,accept,accept,1,0,0,0,1,0,1,0,0,0,1,0
loan,participant-15,system,LP002181,3,reject,reject,accept,accept,1,0,0,0,1,0,1,0,0,0,1,0
loan,participant-15,system,LP001882,4,accept,accept,reject,accept,1,0,1,1,0,1,1,0,1,0,0,0
loan,participant-15,system,LP001030,5,accept,accept,accept,accept,1,1,1,1,0,0,0,0,1,0,0,0
loan,participant-15,system,LP002840,6,reject,reject,accept,accept,1,0,0,0,1,0,1,0,0,0,1,0
loan,participant-15,system,LP001806,7,accept,reject,reject,reject,0,0,0,1,0,0,0,0,0,0,0,1
loan,participant-15,system,LP002068,8,accept,accept,accept,accept,1,1,1,1,0,0,0,0,1,0,0,0
loan,participant-15,system,LP001849,9,reject,accept,accept,accept,0,0,0,1,0,0,0,0,0,0,0,1
loan,participant-15,system,LP002534,10,accept,reject,accept,reject,0,1,0,1,0,1,0,1,0,0,0,1
loan,participant-69,analogy,LP002534,1,accept,reject,reject,reject,0,0,0,1,0,0,0,0,0,0,0,1
loan,participant-69,analogy,LP001030,2,accept,accept,accept,accept,1,1,1,1,0,0,0,0,1,0,0,0
loan,participant-69,analogy,LP002181,3,reject,accept,accept,accept,0,0,0,1,0,0,0,0,0,0,0,1
loan,participant-69,analogy,LP001882,4,accept,accept,reject,reject,1,0,0,0,1,0,1,0,0,0,1,0
loan,participant-69,analogy,LP001806,5,accept,accept,reject,accept,1,0,1,1,0,1,1,0,1,0,0,0
loan,participant-69,analogy,LP002142,6,reject,reject,accept,accept,1,0,0,0,1,0,1,0,0,0,1,0
loan,participant-69,analogy,LP002840,7,reject,reject,accept,accept,1,0,0,0,1,0,1,0,0,0,1,0
loan,participant-69,analogy,LP001849,8,reject,reject,accept,reject,1,0,1,1,0,1,1,0,1,0,0,0
loan,participant-69,analogy,LP001451,9,reject,reject,accept,accept,1,0,0,0,1,0,1,0,0,0,1,0
loan,participant-69,analogy,LP002068,10,accept,reject,reject,reject,0,0,0,1,0,0,0,0,0,0,0,1
loan,participant-83,system,LP001451,1,reject,reject,accept,reject,1,0,1,1,0,1,1,0,1,0,0,0
loan,participant-83,system,LP001882,2,accept,accept,reject,reject,1,0,0,0,1,0,1,0,0,0,1,0
loan,participant-83,system,LP002840,3,reject,accept,accept,accept,0,0,0,1,0,0,0,0,0,0,0,1
loan,participant-83,system,LP001806,4,accept,reject,accept,accept,0,1,1,0,1,0,0,1,1,1,0,0
loan,participant-83,system,LP002068,5,accept,accept,reject,reject,1,0,0,0,1,0,1,0,0,0,1,0
loan,participant-83,system,LP002142,6,reject,reject,reject,reject,1,1,1,1,0,0,0,0,1,0,0,0
loan,participant-83,system,LP002534,7,accept,accept,reject,accept,1,0,1,1,0,1,1,0,1,0,0,0
loan,participant-83,system,LP001849,8,reject,reject,reject,reject,1,1,1,1,0,0,0,0,1,0,0,0
loan,participant-83,system,LP001030,9,accept,reject,accept,accept,0,1,1,0,1,0,0,1,1,1,0,0
loan,participant-83,system,LP002181,10,reject,reject,accept,accept,1,0,0,0,1,0,1,0,0,0,1,0
loan,participant-57,system,LP002840,1,reject,accept,accept,accept,0,0,0,1,0,0,0,0,0,0,0,1
loan,participant-57,system,LP002534,2,accept,accept,accept,accept,1,1,1,1,0,0,0,0,1,0,0,0
loan,participant-57,system,LP001882,3,accept,accept,accept,accept,1,1,1,1,0,0,0,0,1,0,0,0
loan,participant-57,system,LP002142,4,reject,accept,accept,accept,0,0,0,1,0,0,0,0,0,0,0,1
loan,participant-57,system,LP001030,5,accept,reject,accept,accept,0,1,1,0,1,0,0,1,1,1,0,0
loan,participant-57,system,LP001451,6,reject,reject,accept,reject,1,0,1,1,0,1,1,0,1,0,0,0
loan,participant-57,system,LP001806,7,accept,accept,reject,accept,1,0,1,1,0,1,1,0,1,0,0,0
loan,participant-57,system,LP002181,8,reject,reject,accept,accept,1,0,0,0,1,0,1,0,0,0,1,0
loan,participant-57,system,LP001849,9,reject,reject,accept,reject,1,0,1,1,0,1,1,0,1,0,0,0
loan,participant-57,system,LP002068,10,accept,accept,accept,accept,1,1,1,1,0,0,0,0,1,0,0,0
loan,participant-199,analogy,LP002142,1,reject,accept,reject,accept,0,1,0,1,0,1,0,1,0,0,0,1
loan,participant-199,analogy,LP001806,2,accept,accept,accept,accept,1,1,1,1,0,0,0,0,1,0,0,0
loan,participant-199,analogy,LP001882,3,accept,reject,reject,reject,0,0,0,1,0,0,0,0,0,0,0,1
loan,participant-199,analogy,LP001030,4,accept,accept,accept,accept,1,1,1,1,0,0,0,0,1,0,0,0
loan,participant-199,analogy,LP002840,5,reject,reject,accept,accept,1,0,0,0,1,0,1,0,0,0,1,0
loan,participant-199,analogy,LP002534,6,accept,reject,reject,reject,0,0,0,1,0,0,0,0,0,0,0,1
loan,participant-199,analogy,LP001849,7,reject,reject,accept,accept,1,0,0,0,1,0,1,0,0,0,1,0
loan,participant-199,analogy,LP001451,8,reject,reject,reject,accept,1,1,0,0,1,1,0,0,0,0,1,0
loan,participant-199,analogy,LP002181,9,reject,reject,reject,reject,1,1,1,1,0,0,0,0,1,0,0,0
loan,participant-199,analogy,LP002068,10,accept,accept,reject,reject,1,0,0,0,1,0,1,0,0,0,1,0
loan,participant-61,system,LP001806,1,accept,accept,accept,accept,1,1,1,1,0,0,0,0,1,0,0,0
loan,participant-61,system,LP001451,2,reject,reject,accept,accept,1,0,0,0,1,0,1,0,0,0,1,0
loan,participant-61,system,LP001849,3,reject,reject,accept,accept,1,0,0,0,1,0,1,0,0,0,1,0
loan,participant-61,system,LP002534,4,accept,accept,reject,accept,1,0,1,1,0,1,1,0,1,0,0,0
loan,participant-61,system,LP002068,5,accept,reject,accept,reject,0,1,0,1,0,1,0,1,0,0,0,1
loan,participant-61,system,LP002840,6,reject,reject,accept,reject,1,0,1,1,0,1,1,0,1,0,0,0
loan,participant-61,system,LP001882,7,accept,accept,accept,accept,1,1,1,1,0,0,0,0,1,0,0,0
loan,participant-61,system,LP001030,8,accept,reject,accept,reject,0,1,0,1,0,1,0,1,0,0,0,1
loan,participant-61,system,LP002142,9,reject,reject,accept,reject,1,0,1,1,0,1,1,0,1,0,0,0
loan,participant-61,system,LP002181,10,reject,accept,accept,accept,0,0,0,1,0,0,0,0,0,0,0,1
loan,participant-45,system,LP002840,1,reject,reject,accept,accept,1,0,0,0,1,0,1,0,0,0,1,0
loan,participant-45,system,LP002142,2,reject,reject,reject,reject,1,1,1,1,0,0,0,0,1,0,0,0
loan,participant-45,system,LP001030,3,accept,reject,accept,reject,0,1,0,1,0,1,0,1,0,0,0,1
loan,participant-45,system,LP001882,4,accept,reject,reject,reject,0,0,0,1,0,0,0,0,0,0,0,1
loan,participant-45,system,LP002534,5,accept,accept,reject,reject,1,0,0,0,1,0,1,0,0,0,1,0
loan,participant-45,system,LP002181,6,reject,accept,accept,accept,0,0,0,1,0,0,0,0,0,0,0,1
loan,participant-45,system,LP001849,7,reject,reject,reject,reject,1,1,1,1,0,0,0,0,1,0,0,0
loan,participant-45,system,LP001451,8,reject,reject,accept,accept,1,0,0,0,1,0,1,0,0,0,1,0
loan,participant-45,system,LP001806,9,accept,accept,accept,accept,1,1,1,1,0,0,0,0,1,0,0,0
loan,participant-45,system,LP002068,10,accept,accept,reject,reject,1,0,0,0,1,0,1,0,0,0,1,0
loan,participant-253,system,LP001882,1,accept,accept,reject,reject,1,0,0,0,1,0,1,0,0,0,1,0
loan,participant-253,system,LP001849,2,reject,reject,accept,accept,1,0,0,0,1,0,1,0,0,0,1,0
loan,participant-253,system,LP001451,3,reject,reject,reject,reject,1,1,1,1,0,0,0,0,1,0,0,0
loan,participant-253,system,LP002068,4,accept,reject,reject,reject,0,0,0,1,0,0,0,0,0,0,0,1
loan,participant-253,system,LP002142,5,reject,reject,reject,reject,1,1,1,1,0,0,0,0,1,0,0,0
loan,participant-253,system,LP002840,6,reject,reject,accept,accept,1,0,0,0,1,0,1,0,0,0,1,0
loan,participant-253,system,LP001030,7,accept,reject,reject,reject,0,0,0,1,0,0,0,0,0,0,0,1
loan,participant-253,system,LP002534,8,accept,accept,reject,reject,1,0,0,0,1,0,1,0,0,0,1,0
loan,participant-253,system,LP001806,9,accept,reject,accept,accept,0,1,1,0,1,0,0,1,1,1,0,0
loan,participant-253,system,LP002181,10,reject,reject,reject,reject,1,1,1,1,0,0,0,0,1,0,0,0
loan,participant-250,system,LP002534,1,accept,accept,accept,accept,1,1,1,1,0,0,0,0,1,0,0,0
loan,participant-250,system,LP001030,2,accept,reject,reject,reject,0,0,0,1,0,0,0,0,0,0,0,1
loan,participant-250,system,LP001806,3,accept,reject,reject,reject,0,0,0,1,0,0,0,0,0,0,0,1
loan,participant-250,system,LP002840,4,reject,reject,accept,accept,1,0,0,0,1,0,1,0,0,0,1,0
loan,participant-250,system,LP001451,5,reject,reject,accept,accept,1,0,0,0,1,0,1,0,0,0,1,0
loan,participant-250,system,LP001849,6,reject,reject,reject,reject,1,1,1,1,0,0,0,0,1,0,0,0
loan,participant-250,system,LP002068,7,accept,reject,reject,reject,0,0,0,1,0,0,0,0,0,0,0,1
loan,participant-250,system,LP001882,8,accept,accept,reject,reject,1,0,0,0,1,0,1,0,0,0,1,0
loan,participant-250,system,LP002142,9,reject,reject,reject,reject,1,1,1,1,0,0,0,0,1,0,0,0
loan,participant-250,system,LP002181,10,reject,reject,accept,accept,1,0,0,0,1,0,1,0,0,0,1,0
loan,participant-33,accuracy,LP002068,1,accept,accept,reject,accept,1,0,1,1,0,1,1,0,1,0,0,0
loan,participant-33,accuracy,LP001030,2,accept,reject,accept,accept,0,1,1,0,1,0,0,1,1,1,0,0
loan,participant-33,accuracy,LP002534,3,accept,reject,accept,reject,0,1,0,1,0,1,0,1,0,0,0,1
loan,participant-33,accuracy,LP002181,4,reject,reject,accept,reject,1,0,1,1,0,1,1,0,1,0,0,0
loan,participant-33,accuracy,LP001806,5,accept,accept,reject,accept,1,0,1,1,0,1,1,0,1,0,0,0
loan,participant-33,accuracy,LP001882,6,accept,reject,reject,reject,0,0,0,1,0,0,0,0,0,0,0,1
loan,participant-33,accuracy,LP001451,7,reject,reject,accept,reject,1,0,1,1,0,1,1,0,1,0,0,0
loan,participant-33,accuracy,LP002142,8,reject,reject,reject,reject,1,1,1,1,0,0,0,0,1,0,0,0
loan,participant-33,accuracy,LP001849,9,reject,reject,reject,reject,1,1,1,1,0,0,0,0,1,0,0,0
loan,participant-33,accuracy,LP002840,10,reject,reject,accept,accept,1,0,0,0,1,0,1,0,0,0,1,0
loan,participant-31,accuracy,LP002142,1,reject,reject,reject,reject,1,1,1,1,0,0,0,0,1,0,0,0
loan,participant-31,accuracy,LP002181,2,reject,reject,accept,reject,1,0,1,1,0,1,1,0,1,0,0,0
loan,participant-31,accuracy,LP001030,3,accept,accept,accept,accept,1,1,1,1,0,0,0,0,1,0,0,0
loan,participant-31,accuracy,LP001849,4,reject,reject,reject,reject,1,1,1,1,0,0,0,0,1,0,0,0
loan,participant-31,accuracy,LP001882,5,accept,accept,reject,accept,1,0,1,1,0,1,1,0,1,0,0,0
loan,participant-31,accuracy,LP002068,6,accept,reject,accept,reject,0,1,0,1,0,1,0,1,0,0,0,1
loan,participant-31,accuracy,LP001451,7,reject,reject,accept,reject,1,0,1,1,0,1,1,0,1,0,0,0
loan,participant-31,accuracy,LP001806,8,accept,reject,accept,reject,0,1,0,1,0,1,0,1,0,0,0,1
loan,participant-31,accuracy,LP002840,9,reject,reject,accept,accept,1,0,0,0,1,0,1,0,0,0,1,0
loan,participant-31,accuracy,LP002534,10,accept,reject,reject,reject,0,0,0,1,0,0,0,0,0,0,0,1
loan,participant-183,accuracy,LP002534,1,accept,accept,reject,reject,1,0,0,0,1,0,1,0,0,0,1,0
loan,participant-183,accuracy,LP001451,2,reject,reject,accept,reject,1,0,1,1,0,1,1,0,1,0,0,0
loan,participant-183,accuracy,LP002181,3,reject,accept,accept,accept,0,0,0,1,0,0,0,0,0,0,0,1
loan,participant-183,accuracy,LP002840,4,reject,reject,accept,accept,1,0,0,0,1,0,1,0,0,0,1,0
loan,participant-183,accuracy,LP002068,5,accept,accept,reject,reject,1,0,0,0,1,0,1,0,0,0,1,0
loan,participant-183,accuracy,LP001030,6,accept,reject,accept,accept,0,1,1,0,1,0,0,1,1,1,0,0
loan,participant-183,accuracy,LP001882,7,accept,reject,reject,reject,0,0,0,1,0,0,0,0,0,0,0,1
loan,participant-183,accuracy,LP002142,8,reject,reject,accept,reject,1,0,1,1,0,1,1,0,1,0,0,0
loan,participant-183,accuracy,LP001806,9,accept,accept,accept,accept,1,1,1,1,0,0,0,0,1,0,0,0
loan,participant-183,accuracy,LP001849,10,reject,reject,reject,reject,1,1,1,1,0,0,0,0,1,0,0,0
loan,participant-7,system,LP001030,1,accept,reject,accept,accept,0,1,1,0,1,0,0,1,1,1,0,0
loan,participant-7,system,LP002840,2,reject,reject,accept,accept,1,0,0,0,1,0,1,0,0,0,1,0
loan,participant-7,system,LP002534,3,accept,accept,reject,reject,1,0,0,0,1,0,1,0,0,0,1,0
loan,participant-7,system,LP002068,4,accept,accept,reject,reject,1,0,0,0,1,0,1,0,0,0,1,0
loan,participant-7,system,LP002181,5,reject,accept,accept,accept,0,0,0,1,0,0,0,0,0,0,0,1
loan,participant-7,system,LP002142,6,reject,reject,reject,reject,1,1,1,1,0,0,0,0,1,0,0,0
loan,participant-7,system,LP001849,7,reject,reject,reject,reject,1,1,1,1,0,0,0,0,1,0,0,0
loan,participant-7,system,LP001882,8,accept,accept,reject,reject,1,0,0,0,1,0,1,0,0,0,1,0
loan,participant-7,system,LP001451,9,reject,reject,accept,accept,1,0,0,0,1,0,1,0,0,0,1,0
loan,participant-7,system,LP001806,10,accept,reject,reject,reject,0,0,0,1,0,0,0,0,0,0,0,1
loan,participant-30,analogy,LP001030,1,accept,accept,accept,accept,1,1,1,1,0,0,0,0,1,0,0,0
loan,participant-30,analogy,LP001882,2,accept,reject,accept,reject,0,1,0,1,0,1,0,1,0,0,0,1
loan,participant-30,analogy,LP001849,3,reject,reject,reject,reject,1,1,1,1,0,0,0,0,1,0,0,0
loan,participant-30,analogy,LP002534,4,accept,accept,accept,accept,1,1,1,1,0,0,0,0,1,0,0,0
loan,participant-30,analogy,LP001806,5,accept,reject,accept,reject,0,1,0,1,0,1,0,1,0,0,0,1
loan,participant-30,analogy,LP002142,6,reject,reject,accept,reject,1,0,1,1,0,1,1,0,1,0,0,0
loan,participant-30,analogy,LP002181,7,reject,reject,accept,reject,1,0,1,1,0,1,1,0,1,0,0,0
loan,participant-30,analogy,LP002840,8,reject,reject,accept,accept,1,0,0,0,1,0,1,0,0,0,1,0
loan,participant-30,analogy,LP001451,9,reject,accept,accept,accept,0,0,0,1,0,0,0,0,0,0,0,1
loan,participant-30,analogy,LP002068,10,accept,accept,reject,reject,1,0,0,0,1,0,1,0,0,0,1,0
loan,participant-251,analogy,LP001849,1,reject,reject,accept,accept,1,0,0,0,1,0,1,0,0,0,1,0
loan,participant-251,analogy,LP001806,2,accept,reject,accept,accept,0,1,1,0,1,0,0,1,1,1,0,0
loan,participant-251,analogy,LP001030,3,accept,accept,accept,accept,1,1,1,1,0,0,0,0,1,0,0,0
loan,participant-251,analogy,LP002068,4,accept,accept,reject,reject,1,0,0,0,1,0,1,0,0,0,1,0
loan,participant-251,analogy,LP002840,5,reject,reject,accept,accept,1,0,0,0,1,0,1,0,0,0,1,0
loan,participant-251,analogy,LP001451,6,reject,reject,accept,accept,1,0,0,0,1,0,1,0,0,0,1,0
loan,participant-251,analogy,LP001882,7,accept,accept,accept,accept,1,1,1,1,0,0,0,0,1,0,0,0
loan,participant-251,analogy,LP002181,8,reject,accept,reject,reject,0,1,1,0,1,0,0,1,1,1,0,0
loan,participant-251,analogy,LP002534,9,accept,reject,reject,reject,0,0,0,1,0,0,0,0,0,0,0,1
loan,participant-251,analogy,LP002142,10,reject,reject,reject,reject,1,1,1,1,0,0,0,0,1,0,0,0
loan,participant-109,system,LP002068,1,accept,accept,accept,accept,1,1,1,1,0,0,0,0,1,0,0,0
loan,participant-109,system,LP002142,2,reject,reject,reject,reject,1,1,1,1,0,0,0,0,1,0,0,0
loan,participant-109,system,LP001030,3,accept,reject,accept,accept,0,1,1,0,1,0,0,1,1,1,0,0
loan,participant-109,system,LP001882,4,accept,reject,reject,reject,0,0,0,1,0,0,0,0,0,0,0,1
loan,participant-109,system,LP002840,5,reject,reject,accept,accept,1,0,0,0,1,0,1,0,0,0,1,0
loan,participant-109,system,LP001849,6,reject,reject,reject,reject,1,1,1,1,0,0,0,0,1,0,0,0
loan,participant-109,system,LP002534,7,accept,accept,reject,accept,1,0,1,1,0,1,1,0,1,0,0,0
loan,participant-109,system,LP002181,8,reject,reject,accept,accept,1,0,0,0,1,0,1,0,0,0,1,0
loan,participant-109,system,LP001806,9,accept,reject,reject,reject,0,0,0,1,0,0,0,0,0,0,0,1
loan,participant-109,system,LP001451,10,reject,reject,accept,accept,1,0,0,0,1,0,1,0,0,0,1,0
loan,participant-36,accuracy,LP002840,1,reject,reject,accept,accept,1,0,0,0,1,0,1,0,0,0,1,0
loan,participant-36,accuracy,LP002068,2,accept,reject,reject,reject,0,0,0,1,0,0,0,0,0,0,0,1
loan,participant-36,accuracy,LP001030,3,accept,accept,accept,accept,1,1,1,1,0,0,0,0,1,0,0,0
loan,participant-36,accuracy,LP001849,4,reject,reject,accept,reject,1,0,1,1,0,1,1,0,1,0,0,0
loan,participant-36,accuracy,LP002181,5,reject,accept,accept,accept,0,0,0,1,0,0,0,0,0,0,0,1
loan,participant-36,accuracy,LP002534,6,accept,reject,reject,reject,0,0,0,1,0,0,0,0,0,0,0,1
loan,participant-36,accuracy,LP002142,7,reject,reject,reject,reject,1,1,1,1,0,0,0,0,1,0,0,0
loan,participant-36,accuracy,LP001882,8,accept,accept,accept,accept,1,1,1,1,0,0,0,0,1,0,0,0
loan,participant-36,accuracy,LP001451,9,reject,reject,accept,accept,1,0,0,0,1,0,1,0,0,0,1,0
loan,participant-36,accuracy,LP001806,10,accept,accept,accept,accept,1,1,1,1,0,0,0,0,1,0,0,0
loan,participant-161,accuracy,LP002142,1,reject,reject,accept,accept,1,0,0,0,1,0,1,0,0,0,1,0
loan,participant-161,accuracy,LP002181,2,reject,accept,reject,accept,0,1,0,1,0,1,0,1,0,0,0,1
loan,participant-161,accuracy,LP001030,3,accept,accept,accept,accept,1,1,1,1,0,0,0,0,1,0,0,0
loan,participant-161,accuracy,LP001882,4,accept,accept,reject,reject,1,0,0,0,1,0,1,0,0,0,1,0
loan,participant-161,accuracy,LP001849,5,reject,accept,reject,reject,0,1,1,0,1,0,0,1,1,1,0,0
loan,participant-161,accuracy,LP002068,6,accept,accept,accept,accept,1,1,1,1,0,0,0,0,1,0,0,0
loan,participant-161,accuracy,LP001806,7,accept,reject,reject,reject,0,0,0,1,0,0,0,0,0,0,0,1
loan,participant-161,accuracy,LP001451,8,reject,reject,accept,reject,1,0,1,1,0,1,1,0,1,0,0,0
loan,participant-161,accuracy,LP002534,9,accept,accept,reject,reject,1,0,0,0,1,0,1,0,0,0,1,0
loan,participant-161,accuracy,LP002840,10,reject,reject,accept,accept,1,0,0,0,1,0,1,0,0,0,1,0
loan,participant-6,system,LP001849,1,reject,accept,reject,accept,0,1,0,1,0,1,0,1,0,0,0,1
loan,participant-6,system,LP001030,2,accept,accept,accept,accept,1,1,1,1,0,0,0,0,1,0,0,0
loan,participant-6,system,LP002181,3,reject,accept,accept,accept,0,0,0,1,0,0,0,0,0,0,0,1
loan,participant-6,system,LP001451,4,reject,reject,accept,accept,1,0,0,0,1,0,1,0,0,0,1,0
loan,participant-6,system,LP002840,5,reject,reject,accept,reject,1,0,1,1,0,1,1,0,1,0,0,0
loan,participant-6,system,LP001806,6,accept,accept,accept,accept,1,1,1,1,0,0,0,0,1,0,0,0
loan,participant-6,system,LP001882,7,accept,reject,reject,reject,0,0,0,1,0,0,0,0,0,0,0,1
loan,participant-6,system,LP002142,8,reject,reject,reject,reject,1,1,1,1,0,0,0,0,1,0,0,0
loan,participant-6,system,LP002534,9,accept,accept,accept,accept,1,1,1,1,0,0,0,0,1,0,0,0
loan,participant-6,system,LP002068,10,accept,accept,reject,reject,1,0,0,0,1,0,1,0,0,0,1,0
loan,participant-56,system,LP002840,1,reject,reject,accept,accept,1,0,0,0,1,0,1,0,0,0,1,0
loan,participant-56,system,LP002142,2,reject,accept,reject,reject,0,1,1,0,1,0,0,1,1,1,0,0
loan,participant-56,system,LP001882,3,accept,accept,reject,reject,1,0,0,0,1,0,1,0,0,0,1,0
loan,participant-56,system,LP002181,4,reject,reject,accept,reject,1,0,1,1,0,1,1,0,1,0,0,0
loan,participant-56,system,LP001030,5,accept,reject,reject,reject,0,0,0,1,0,0,0,0,0,0,0,1
loan,participant-56,system,LP001849,6,reject,reject,reject,reject,1,1,1,1,0,0,0,0,1,0,0,0
loan,participant-56,system,LP001806,7,accept,accept,accept,accept,1,1,1,1,0,0,0,0,1,0,0,0
loan,participant-56,system,LP001451,8,reject,reject,accept,accept,1,0,0,0,1,0,1,0,0,0,1,0
loan,participant-56,system,LP002534,9,accept,accept,reject,reject,1,0,0,0,1,0,1,0,0,0,1,0
loan,participant-56,system,LP002068,10,accept,reject,reject,reject,0,0,0,1,0,0,0,0,0,0,0,1
loan,participant-75,accuracy,LP002534,1,accept,accept,accept,accept,1,1,1,1,0,0,0,0,1,0,0,0
loan,participant-75,accuracy,LP001806,2,accept,accept,reject,accept,1,0,1,1,0,1,1,0,1,0,0,0
loan,participant-75,accuracy,LP001882,3,accept,accept,accept,accept,1,1,1,1,0,0,0,0,1,0,0,0
loan,participant-75,accuracy,LP002142,4,reject,accept,accept,accept,0,0,0,1,0,0,0,0,0,0,0,1
loan,participant-75,accuracy,LP002068,5,accept,accept,accept,accept,1,1,1,1,0,0,0,0,1,0,0,0
loan,participant-75,accuracy,LP002840,6,reject,reject,accept,reject,1,0,1,1,0,1,1,0,1,0,0,0
loan,participant-75,accuracy,LP002181,7,reject,accept,accept,accept,0,0,0,1,0,0,0,0,0,0,0,1
loan,participant-75,accuracy,LP001849,8,reject,reject,accept,accept,1,0,0,0,1,0,1,0,0,0,1,0
loan,participant-75,accuracy,LP001030,9,accept,accept,reject,reject,1,0,0,0,1,0,1,0,0,0,1,0
loan,participant-75,accuracy,LP001451,10,reject,accept,accept,accept,0,0,0,1,0,0,0,0,0,0,0,1
loan,participant-26,system,LP001806,1,accept,accept,accept,accept,1,1,1,1,0,0,0,0,1,0,0,0
loan,participant-26,system,LP002068,2,accept,accept,reject,reject,1,0,0,0,1,0,1,0,0,0,1,0
loan,participant-26,system,LP002142,3,reject,accept,accept,accept,0,0,0,1,0,0,0,0,0,0,0,1
loan,participant-26,system,LP001882,4,accept,accept,accept,accept,1,1,1,1,0,0,0,0,1,0,0,0
loan,participant-26,system,LP001451,5,reject,reject,accept,accept,1,0,0,0,1,0,1,0,0,0,1,0
loan,participant-26,system,LP001849,6,reject,reject,accept,accept,1,0,0,0,1,0,1,0,0,0,1,0
loan,participant-26,system,LP002840,7,reject,accept,accept,accept,0,0,0,1,0,0,0,0,0,0,0,1
loan,participant-26,system,LP002534,8,accept,accept,accept,accept,1,1,1,1,0,0,0,0,1,0,0,0
loan,participant-26,system,LP001030,9,accept,reject,accept,accept,0,1,1,0,1,0,0,1,1,1,0,0
loan,participant-26,system,LP002181,10,reject,reject,accept,accept,1,0,0,0,1,0,1,0,0,0,1,0
loan,participant-223,analogy,LP002181,1,reject,reject,accept,accept,1,0,0,0,1,0,1,0,0,0,1,0
loan,participant-223,analogy,LP002534,2,accept,accept,accept,accept,1,1,1,1,0,0,0,0,1,0,0,0
loan,participant-223,analogy,LP002142,3,reject,accept,accept,accept,0,0,0,1,0,0,0,0,0,0,0,1
loan,participant-223,analogy,LP002840,4,reject,reject,accept,accept,1,0,0,0,1,0,1,0,0,0,1,0
loan,participant-223,analogy,LP001451,5,reject,accept,accept,accept,0,0,0,1,0,0,0,0,0,0,0,1
loan,participant-223,analogy,LP001882,6,accept,accept,reject,accept,1,0,1,1,0,1,1,0,1,0,0,0
loan,participant-223,analogy,LP001030,7,accept,accept,reject,reject,1,0,0,0,1,0,1,0,0,0,1,0
loan,participant-223,analogy,LP001849,8,reject,accept,accept,accept,0,0,0,1,0,0,0,0,0,0,0,1
loan,participant-223,analogy,LP001806,9,accept,accept,reject,reject,1,0,0,0,1,0,1,0,0,0,1,0
loan,participant-223,analogy,LP002068,10,accept,accept,accept,accept,1,1,1,1,0,0,0,0,1,0,0,0
loan,participant-238,analogy,LP002068,1,accept,accept,accept,accept,1,1,1,1,0,0,0,0,1,0,0,0
loan,participant-238,analogy,LP001882,2,accept,accept,accept,accept,1,1,1,1,0,0,0,0,1,0,0,0
loan,participant-238,analogy,LP001451,3,reject,accept,reject,accept,0,1,0,1,0,1,0,1,0,0,0,1
loan,participant-238,analogy,LP002840,4,reject,reject,accept,accept,1,0,0,0,1,0,1,0,0,0,1,0
loan,participant-238,analogy,LP002534,5,accept,accept,reject,accept,1,0,1,1,0,1,1,0,1,0,0,0
loan,participant-238,analogy,LP001030,6,accept,accept,reject,reject,1,0,0,0,1,0,1,0,0,0,1,0
loan,participant-238,analogy,LP002181,7,reject,reject,accept,accept,1,0,0,0,1,0,1,0,0,0,1,0
loan,participant-238,analogy,LP001806,8,accept,reject,reject,reject,0,0,0,1,0,0,0,0,0,0,0,1
loan,participant-238,analogy,LP001849,9,reject,accept,accept,accept,0,0,0,1,0,0,0,0,0,0,0,1
loan,participant-238,analogy,LP002142,10,reject,reject,accept,accept,1,0,0,0,1,0,1,0,0,0,1,0
loan,participant-243,system,LP002181,1,reject,reject,reject,reject,1,1,1,1,0,0,0,0,1,0,0,0
loan,participant-243,system,LP001849,2,reject,reject,reject,reject,1,1,1,1,0,0,0,0,1,0,0,0
loan,participant-243,system,LP001030,3,accept,accept,accept,accept,1,1,1,1,0,0,0,0,1,0,0,0
loan,participant-243,system,LP001451,4,reject,accept,accept,accept,0,0,0,1,0,0,0,0,0,0,0,1
loan,participant-243,system,LP002534,5,accept,accept,reject,accept,1,0,1,1,0,1,1,0,1,0,0,0
loan,participant-243,system,LP002840,6,reject,accept,accept,accept,0,0,0,1,0,0,0,0,0,0,0,1
loan,participant-243,system,LP002142,7,reject,reject,reject,reject,1,1,1,1,0,0,0,0,1,0,0,0
loan,participant-243,system,LP001806,8,accept,accept,accept,accept,1,1,1,1,0,0,0,0,1,0,0,0
loan,participant-243,system,LP001882,9,accept,reject,accept,reject,0,1,0,1,0,1,0,1,0,0,0,1
loan,participant-243,system,LP002068,10,accept,accept,reject,accept,1,0,1,1,0,1,1,0,1,0,0,0
loan,participant-60,system,LP001882,1,accept,accept,accept,accept,1,1,1,1,0,0,0,0,1,0,0,0
loan,participant-60,system,LP002534,2,accept,reject,reject,reject,0,0,0,1,0,0,0,0,0,0,0,1
loan,participant-60,system,LP001806,3,accept,accept,reject,accept,1,0,1,1,0,1,1,0,1,0,0,0
loan,participant-60,system,LP001451,4,reject,reject,accept,reject,1,0,1,1,0,1,1,0,1,0,0,0
loan,participant-60,system,LP002840,5,reject,accept,reject,accept,0,1,0,1,0,1,0,1,0,0,0,1
loan,participant-60,system,LP001849,6,reject,reject,accept,reject,1,0,1,1,0,1,1,0,1,0,0,0
loan,participant-60,system,LP002181,7,reject,reject,accept,reject,1,0,1,1,0,1,1,0,1,0,0,0
loan,participant-60,system,LP001030,8,accept,accept,accept,accept,1,1,1,1,0,0,0,0,1,0,0,0
loan,participant-60,system,LP002068,9,accept,accept,accept,accept,1,1,1,1,0,0,0,0,1,0,0,0
loan,participant-60,system,LP002142,10,reject,accept,accept,accept,0,0,0,1,0,0,0,0,0,0,0,1
loan,participant-245,analogy,LP002181,1,reject,reject,accept,reject,1,0,1,1,0,1,1,0,1,0,0,0
loan,participant-245,analogy,LP002840,2,reject,reject,accept,reject,1,0,1,1,0,1,1,0,1,0,0,0
loan,participant-245,analogy,LP001451,3,reject,accept,accept,accept,0,0,0,1,0,0,0,0,0,0,0,1
loan,participant-245,analogy,LP002068,4,accept,accept,reject,reject,1,0,0,0,1,0,1,0,0,0,1,0
loan,participant-245,analogy,LP001030,5,accept,reject,accept,reject,0,1,0,1,0,1,0,1,0,0,0,1
loan,participant-245,analogy,LP001849,6,reject,accept,accept,accept,0,0,0,1,0,0,0,0,0,0,0,1
loan,participant-245,analogy,LP002534,7,accept,accept,reject,accept,1,0,1,1,0,1,1,0,1,0,0,0
loan,participant-245,analogy,LP002142,8,reject,reject,reject,reject,1,1,1,1,0,0,0,0,1,0,0,0
loan,participant-245,analogy,LP001806,9,accept,accept,reject,reject,1,0,0,0,1,0,1,0,0,0,1,0
loan,participant-245,analogy,LP001882,10,accept,accept,reject,reject,1,0,0,0,1,0,1,0,0,0,1,0
loan,participant-4,accuracy,LP002068,1,accept,reject,accept,reject,0,1,0,1,0,1,0,1,0,0,0,1
loan,participant-4,accuracy,LP002534,2,accept,accept,reject,accept,1,0,1,1,0,1,1,0,1,0,0,0
loan,participant-4,accuracy,LP001030,3,accept,accept,accept,accept,1,1,1,1,0,0,0,0,1,0,0,0
loan,participant-4,accuracy,LP001882,4,accept,accept,accept,accept,1,1,1,1,0,0,0,0,1,0,0,0
loan,participant-4,accuracy,LP001806,5,accept,reject,accept,reject,0,1,0,1,0,1,0,1,0,0,0,1
loan,participant-4,accuracy,LP002142,6,reject,reject,reject,reject,1,1,1,1,0,0,0,0,1,0,0,0
loan,participant-4,accuracy,LP002181,7,reject,reject,reject,reject,1,1,1,1,0,0,0,0,1,0,0,0
loan,participant-4,accuracy,LP001849,8,reject,accept,reject,accept,0,1,0,1,0,1,0,1,0,0,0,1
loan,participant-4,accuracy,LP001451,9,reject,reject,accept,reject,1,0,1,1,0,1,1,0,1,0,0,0
loan,participant-4,accuracy,LP002840,10,reject,reject,reject,reject,1,1,1,1,0,0,0,0,1,0,0,0
loan,participant-12,analogy,LP001806,1,accept,reject,reject,reject,0,0,0,1,0,0,0,0,0,0,0,1
loan,participant-12,analogy,LP002181,2,reject,reject,accept,accept,1,0,0,0,1,0,1,0,0,0,1,0
loan,participant-12,analogy,LP002840,3,reject,accept,accept,accept,0,0,0,1,0,0,0,0,0,0,0,1
loan,participant-12,analogy,LP001882,4,accept,accept,reject,accept,1,0,1,1,0,1,1,0,1,0,0,0
loan,participant-12,analogy,LP002534,5,accept,accept,accept,accept,1,1,1,1,0,0,0,0,1,0,0,0
loan,participant-12,analogy,LP001849,6,reject,reject,accept,accept,1,0,0,0,1,0,1,0,0,0,1,0
loan,participant-12,analogy,LP001451,7,reject,reject,accept,accept,1,0,0,0,1,0,1,0,0,0,1,0
loan,participant-12,analogy,LP002142,8,reject,reject,accept,accept,1,0,0,0,1,0,1,0,0,0,1,0
loan,participant-12,analogy,LP001030,9,accept,accept,accept,accept,1,1,1,1,0,0,0,0,1,0,0,0
loan,participant-12,analogy,LP002068,10,accept,reject,reject,reject,0,0,0,1,0,0,0,0,0,0,0,1
loan,participant-149,system,LP001451,1,reject,accept,reject,reject,0,1,1,0,1,0,0,1,1,1,0,0
loan,participant-149,system,LP001882,2,accept,accept,accept,accept,1,1,1,1,0,0,0,0,1,0,0,0
loan,participant-149,system,LP002534,3,accept,reject,reject,reject,0,0,0,1,0,0,0,0,0,0,0,1
loan,participant-149,system,LP002181,4,reject,accept,accept,accept,0,0,0,1,0,0,0,0,0,0,0,1
loan,participant-149,system,LP001030,5,accept,accept,accept,accept,1,1,1,1,0,0,0,0,1,0,0,0
loan,participant-149,system,LP002142,6,reject,reject,reject,reject,1,1,1,1,0,0,0,0,1,0,0,0
loan,participant-149,system,LP002068,7,accept,accept,reject,reject,1,0,0,0,1,0,1,0,0,0,1,0
loan,participant-149,system,LP001806,8,accept,accept,accept,accept,1,1,1,1,0,0,0,0,1,0,0,0
loan,participant-149,system,LP001849,9,reject,reject,reject,reject,1,1,1,1,0,0,0,0,1,0,0,0
loan,participant-149,system,LP002840,10,reject,reject,accept,accept,1,0,0,0,1,0,1,0,0,0,1,0
loan,participant-190,analogy,LP002181,1,reject,reject,accept,accept,1,0,0,0,1,0,1,0,0,0,1,0
loan,participant-190,analogy,LP002142,2,reject,reject,reject,reject,1,1,1,1,0,0,0,0,1,0,0,0
loan,participant-190,analogy,LP001849,3,reject,reject,reject,reject,1,1,1,1,0,0,0,0,1,0,0,0
loan,participant-190,analogy,LP001030,4,accept,accept,accept,accept,1,1,1,1,0,0,0,0,1,0,0,0
loan,participant-190,analogy,LP001882,5,accept,reject,reject,reject,0,0,0,1,0,0,0,0,0,0,0,1
loan,participant-190,analogy,LP001806,6,accept,accept,accept,accept,1,1,1,1,0,0,0,0,1,0,0,0
loan,participant-190,analogy,LP002840,7,reject,reject,accept,reject,1,0,1,1,0,1,1,0,1,0,0,0
loan,participant-190,analogy,LP002534,8,accept,accept,reject,accept,1,0,1,1,0,1,1,0,1,0,0,0
loan,participant-190,analogy,LP002068,9,accept,reject,reject,reject,0,0,0,1,0,0,0,0,0,0,0,1
loan,participant-190,analogy,LP001451,10,reject,accept,accept,accept,0,0,0,1,0,0,0,0,0,0,0,1
loan,participant-92,system,LP001451,1,reject,accept,accept,accept,0,0,0,1,0,0,0,0,0,0,0,1
loan,participant-92,system,LP002181,2,reject,reject,accept,reject,1,0,1,1,0,1,1,0,1,0,0,0
loan,participant-92,system,LP001849,3,reject,accept,reject,reject,0,1,1,0,1,0,0,1,1,1,0,0
loan,participant-92,system,LP002068,4,accept,accept,accept,accept,1,1,1,1,0,0,0,0,1,0,0,0
loan,participant-92,system,LP001806,5,accept,accept,accept,accept,1,1,1,1,0,0,0,0,1,0,0,0
loan,participant-92,system,LP002534,6,accept,accept,accept,accept,1,1,1,1,0,0,0,0,1,0,0,0
loan,participant-92,system,LP002142,7,reject,reject,reject,reject,1,1,1,1,0,0,0,0,1,0,0,0
loan,participant-92,system,LP001030,8,accept,accept,accept,accept,1,1,1,1,0,0,0,0,1,0,0,0
loan,participant-92,system,LP001882,9,accept,reject,accept,accept,0,1,1,0,1,0,0,1,1,1,0,0
loan,participant-92,system,LP002840,10,reject,reject,accept,accept,1,0,0,0,1,0,1,0,0,0,1,0
loan,participant-196,accuracy,LP001882,1,accept,accept,reject,accept,1,0,1,1,0,1,1,0,1,0,0,0
loan,participant-196,accuracy,LP001806,2,accept,reject,accept,reject,0,1,0,1,0,1,0,1,0,0,0,1
loan,participant-196,accuracy,LP002840,3,reject,accept,accept,accept,0,0,0,1,0,0,0,0,0,0,0,1
loan,participant-196,accuracy,LP002181,4,reject,reject,accept,reject,1,0,1,1,0,1,1,0,1,0,0,0
loan,participant-196,accuracy,LP001849,5,reject,accept,reject,accept,0,1,0,1,0,1,0,1,0,0,0,1
loan,participant-196,accuracy,LP002068,6,accept,accept,reject,accept,1,0,1,1,0,1,1,0,1,0,0,0
loan,participant-196,accuracy,LP001451,7,reject,reject,accept,accept,1,0,0,0,1,0,1,0,0,0,1,0
loan,participant-196,accuracy,LP002142,8,reject,reject,reject,reject,1,1,1,1,0,0,0,0,1,0,0,0
loan,participant-196,accuracy,LP001030,9,accept,accept,accept,accept,1,1,1,1,0,0,0,0,1,0,0,0
loan,participant-196,accuracy,LP002534,10,accept,accept,accept,accept,1,1,1,1,0,0,0,0,1,0,0,0
loan,participant-182,system,LP002142,1,reject,reject,reject,reject,1,1,1,1,0,0,0,0,1,0,0,0
loan,participant-182,system,LP001451,2,reject,reject,accept,accept,1,0,0,0,1,0,1,0,0,0,1,0
loan,participant-182,system,LP002068,3,accept,accept,reject,accept,1,0,1,1,0,1,1,0,1,0,0,0
loan,participant-182,system,LP002181,4,reject,reject,reject,reject,1,1,1,1,0,0,0,0,1,0,0,0
loan,participant-182,system,LP001882,5,accept,reject,accept,reject,0,1,0,1,0,1,0,1,0,0,0,1
loan,participant-182,system,LP002534,6,accept,reject,reject,reject,0,0,0,1,0,0,0,0,0,0,0,1
loan,participant-182,system,LP002840,7,reject,reject,accept,accept,1,0,0,0,1,0,1,0,0,0,1,0
loan,participant-182,system,LP001849,8,reject,reject,reject,reject,1,1,1,1,0,0,0,0,1,0,0,0
loan,participant-182,system,LP001806,9,accept,reject,accept,reject,0,1,0,1,0,1,0,1,0,0,0,1
loan,participant-182,system,LP001030,10,accept,accept,accept,accept,1,1,1,1,0,0,0,0,1,0,0,0
loan,participant-202,accuracy,LP001030,1,accept,accept,accept,accept,1,1,1,1,0,0,0,0,1,0,0,0
loan,participant-202,accuracy,LP002068,2,accept,reject,reject,reject,0,0,0,1,0,0,0,0,0,0,0,1
loan,participant-202,accuracy,LP002142,3,reject,reject,reject,reject,1,1,1,1,0,0,0,0,1,0,0,0
loan,participant-202,accuracy,LP002181,4,reject,reject,accept,reject,1,0,1,1,0,1,1,0,1,0,0,0
loan,participant-202,accuracy,LP001849,5,reject,reject,reject,reject,1,1,1,1,0,0,0,0,1,0,0,0
loan,participant-202,accuracy,LP002534,6,accept,accept,reject,accept,1,0,1,1,0,1,1,0,1,0,0,0
loan,participant-202,accuracy,LP001806,7,accept,reject,accept,reject,0,1,0,1,0,1,0,1,0,0,0,1
loan,participant-202,accuracy,LP001882,8,accept,reject,reject,reject,0,0,0,1,0,0,0,0,0,0,0,1
loan,participant-202,accuracy,LP002840,9,reject,reject,reject,reject,1,1,1,1,0,0,0,0,1,0,0,0
loan,participant-202,accuracy,LP001451,10,reject,reject,accept,reject,1,0,1,1,0,1,1,0,1,0,0,0
loan,participant-9,accuracy,LP001030,1,accept,accept,accept,accept,1,1,1,1,0,0,0,0,1,0,0,0
loan,participant-9,accuracy,LP002840,2,reject,reject,accept,accept,1,0,0,0,1,0,1,0,0,0,1,0
loan,participant-9,accuracy,LP002142,3,reject,reject,reject,reject,1,1,1,1,0,0,0,0,1,0,0,0
loan,participant-9,accuracy,LP002181,4,reject,reject,accept,accept,1,0,0,0,1,0,1,0,0,0,1,0
loan,participant-9,accuracy,LP001849,5,reject,reject,reject,reject,1,1,1,1,0,0,0,0,1,0,0,0
loan,participant-9,accuracy,LP002534,6,accept,reject,accept,accept,0,1,1,0,1,0,0,1,1,1,0,0
loan,participant-9,accuracy,LP002068,7,accept,reject,accept,reject,0,1,0,1,0,1,0,1,0,0,0,1
loan,participant-9,accuracy,LP001806,8,accept,accept,accept,accept,1,1,1,1,0,0,0,0,1,0,0,0
loan,participant-9,accuracy,LP001882,9,accept,reject,accept,accept,0,1,1,0,1,0,0,1,1,1,0,0
loan,participant-9,accuracy,LP001451,10,reject,reject,accept,accept,1,0,0,0,1,0,1,0,0,0,1,0
loan,participant-10,system,LP001451,1,reject,reject,accept,accept,1,0,0,0,1,0,1,0,0,0,1,0
loan,participant-10,system,LP001849,2,reject,reject,reject,reject,1,1,1,1,0,0,0,0,1,0,0,0
loan,participant-10,system,LP002181,3,reject,reject,reject,reject,1,1,1,1,0,0,0,0,1,0,0,0
loan,participant-10,system,LP001030,4,accept,accept,accept,accept,1,1,1,1,0,0,0,0,1,0,0,0
loan,participant-10,system,LP002840,5,reject,reject,reject,reject,1,1,1,1,0,0,0,0,1,0,0,0
loan,participant-10,system,LP002068,6,accept,reject,reject,reject,0,0,0,1,0,0,0,0,0,0,0,1
loan,participant-10,system,LP002142,7,reject,accept,reject,reject,0,1,1,0,1,0,0,1,1,1,0,0
loan,participant-10,system,LP001882,8,accept,reject,reject,reject,0,0,0,1,0,0,0,0,0,0,0,1
loan,participant-10,system,LP001806,9,accept,accept,accept,accept,1,1,1,1,0,0,0,0,1,0,0,0
loan,participant-10,system,LP002534,10,accept,accept,accept,accept,1,1,1,1,0,0,0,0,1,0,0,0
loan,participant-111,accuracy,LP002142,1,reject,reject,reject,reject,1,1,1,1,0,0,0,0,1,0,0,0
loan,participant-111,accuracy,LP001806,2,accept,reject,accept,accept,0,1,1,0,1,0,0,1,1,1,0,0
loan,participant-111,accuracy,LP002068,3,accept,accept,reject,reject,1,0,0,0,1,0,1,0,0,0,1,0
loan,participant-111,accuracy,LP001030,4,accept,accept,accept,accept,1,1,1,1,0,0,0,0,1,0,0,0
loan,participant-111,accuracy,LP002534,5,accept,accept,reject,reject,1,0,0,0,1,0,1,0,0,0,1,0
loan,participant-111,accuracy,LP001849,6,reject,accept,reject,accept,0,1,0,1,0,1,0,1,0,0,0,1
loan,participant-111,accuracy,LP002181,7,reject,reject,reject,reject,1,1,1,1,0,0,0,0,1,0,0,0
loan,participant-111,accuracy,LP001451,8,reject,accept,accept,accept,0,0,0,1,0,0,0,0,0,0,0,1
loan,participant-111,accuracy,LP001882,9,accept,accept,accept,accept,1,1,1,1,0,0,0,0,1,0,0,0
loan,participant-111,accuracy,LP002840,10,reject,reject,reject,reject,1,1,1,1,0,0,0,0,1,0,0,0
loan,participant-227,analogy,LP002840,1,reject,reject,accept,reject,1,0,1,1,0,1,1,0,1,0,0,0
loan,participant-227,analogy,LP001849,2,reject,accept,reject,accept,0,1,0,1,0,1,0,1,0,0,0,1
loan,participant-227,analogy,LP001030,3,accept,accept,accept,accept,1,1,1,1,0,0,0,0,1,0,0,0
loan,participant-227,analogy,LP002068,4,accept,accept,reject,accept,1,0,1,1,0,1,1,0,1,0,0,0
loan,participant-227,analogy,LP001451,5,reject,reject,accept,reject,1,0,1,1,0,1,1,0,1,0,0,0
loan,participant-227,analogy,LP002142,6,reject,reject,accept,reject,1,0,1,1,0,1,1,0,1,0,0,0
loan,participant-227,analogy,LP001806,7,accept,accept,accept,accept,1,1,1,1,0,0,0,0,1,0,0,0
loan,participant-227,analogy,LP001882,8,accept,reject,reject,reject,0,0,0,1,0,0,0,0,0,0,0,1
loan,participant-227,analogy,LP002534,9,accept,accept,accept,accept,1,1,1,1,0,0,0,0,1,0,0,0
loan,participant-227,analogy,LP002181,10,reject,accept,accept,accept,0,0,0,1,0,0,0,0,0,0,0,1
loan,participant-35,system,LP001030,1,accept,accept,accept,accept,1,1,1,1,0,0,0,0,1,0,0,0
loan,participant-35,system,LP002068,2,accept,accept,reject,reject,1,0,0,0,1,0,1,0,0,0,1,0
loan,participant-35,system,LP001806,3,accept,accept,accept,accept,1,1,1,1,0,0,0,0,1,0,0,0
loan,participant-35,system,LP001451,4,reject,reject,accept,accept,1,0,0,0,1,0,1,0,0,0,1,0
loan,participant-35,system,LP002840,5,reject,accept,accept,accept,0,0,0,1,0,0,0,0,0,0,0,1
loan,participant-35,system,LP002142,6,reject,reject,reject,reject,1,1,1,1,0,0,0,0,1,0,0,0
loan,participant-35,system,LP002181,7,reject,accept,accept,accept,0,0,0,1,0,0,0,0,0,0,0,1
loan,participant-35,system,LP001849,8,reject,reject,reject,reject,1,1,1,1,0,0,0,0,1,0,0,0
loan,participant-35,system,LP002534,9,accept,accept,accept,accept,1,1,1,1,0,0,0,0,1,0,0,0
loan,participant-35,system,LP001882,10,accept,reject,accept,accept,0,1,1,0,1,0,0,1,1,1,0,0
loan,participant-16,system,LP001451,1,reject,accept,accept,accept,0,0,0,1,0,0,0,0,0,0,0,1
loan,participant-16,system,LP001882,2,accept,accept,reject,reject,1,0,0,0,1,0,1,0,0,0,1,0
loan,participant-16,system,LP001030,3,accept,accept,accept,accept,1,1,1,1,0,0,0,0,1,0,0,0
loan,participant-16,system,LP002534,4,accept,accept,accept,accept,1,1,1,1,0,0,0,0,1,0,0,0
loan,participant-16,system,LP001849,5,reject,reject,reject,reject,1,1,1,1,0,0,0,0,1,0,0,0
loan,participant-16,system,LP002181,6,reject,accept,accept,accept,0,0,0,1,0,0,0,0,0,0,0,1
loan,participant-16,system,LP002142,7,reject,reject,reject,reject,1,1,1,1,0,0,0,0,1,0,0,0
loan,participant-16,system,LP002068,8,accept,reject,accept,reject,0,1,0,1,0,1,0,1,0,0,0,1
loan,participant-16,system,LP002840,9,reject,reject,accept,accept,1,0,0,0,1,0,1,0,0,0,1,0
loan,participant-16,system,LP001806,10,accept,accept,accept,accept,1,1,1,1,0,0,0,0,1,0,0,0
loan,participant-277,analogy,LP001806,1,accept,accept,reject,accept,1,0,1,1,0,1,1,0,1,0,0,0
loan,participant-277,analogy,LP002068,2,accept,accept,reject,accept,1,0,1,1,0,1,1,0,1,0,0,0
loan,participant-277,analogy,LP002534,3,accept,reject,accept,reject,0,1,0,1,0,1,0,1,0,0,0,1
loan,participant-277,analogy,LP001849,4,reject,reject,reject,reject,1,1,1,1,0,0,0,0,1,0,0,0
loan,participant-277,analogy,LP001030,5,accept,accept,accept,accept,1,1,1,1,0,0,0,0,1,0,0,0
loan,participant-277,analogy,LP002181,6,reject,reject,accept,reject,1,0,1,1,0,1,1,0,1,0,0,0
loan,participant-277,analogy,LP002142,7,reject,reject,accept,reject,1,0,1,1,0,1,1,0,1,0,0,0
loan,participant-277,analogy,LP001882,8,accept,accept,accept,accept,1,1,1,1,0,0,0,0,1,0,0,0
loan,participant-277,analogy,LP002840,9,reject,accept,accept,accept,0,0,0,1,0,0,0,0,0,0,0,1
loan,participant-277,analogy,LP001451,10,reject,accept,accept,accept,0,0,0,1,0,0,0,0,0,0,0,1
loan,participant-255,analogy,LP001882,1,accept,reject,reject,reject,0,0,0,1,0,0,0,0,0,0,0,1
loan,participant-255,analogy,LP002840,2,reject,reject,accept,accept,1,0,0,0,1,0,1,0,0,0,1,0
loan,participant-255,analogy,LP001849,3,reject,accept,reject,accept,0,1,0,1,0,1,0,1,0,0,0,1
loan,participant-255,analogy,LP001806,4,accept,accept,accept,accept,1,1,1,1,0,0,0,0,1,0,0,0
loan,participant-255,analogy,LP001451,5,reject,reject,accept,reject,1,0,1,1,0,1,1,0,1,0,0,0
loan,participant-255,analogy,LP002181,6,reject,reject,accept,accept,1,0,0,0,1,0,1,0,0,0,1,0
loan,participant-255,analogy,LP001030,7,accept,accept,accept,accept,1,1,1,1,0,0,0,0,1,0,0,0
loan,participant-255,analogy,LP002068,8,accept,accept,reject,reject,1,0,0,0,1,0,1,0,0,0,1,0
loan,participant-255,analogy,LP002534,9,accept,reject,reject,reject,0,0,0,1,0,0,0,0,0,0,0,1
loan,participant-255,analogy,LP002142,10,reject,reject,accept,accept,1,0,0,0,1,0,1,0,0,0,1,0
loan,participant-203,system,LP001030,1,accept,accept,accept,reject,1,1,0,0,1,1,0,0,0,0,1,0
loan,participant-203,system,LP002534,2,accept,accept,accept,accept,1,1,1,1,0,0,0,0,1,0,0,0
loan,participant-203,system,LP001451,3,reject,accept,accept,accept,0,0,0,1,0,0,0,0,0,0,0,1
loan,participant-203,system,LP002068,4,accept,accept,accept,accept,1,1,1,1,0,0,0,0,1,0,0,0
loan,participant-203,system,LP002142,5,reject,reject,accept,reject,1,0,1,1,0,1,1,0,1,0,0,0
loan,participant-203,system,LP001882,6,accept,reject,accept,reject,0,1,0,1,0,1,0,1,0,0,0,1
loan,participant-203,system,LP002840,7,reject,reject,accept,reject,1,0,1,1,0,1,1,0,1,0,0,0
loan,participant-203,system,LP002181,8,reject,accept,accept,accept,0,0,0,1,0,0,0,0,0,0,0,1
loan,participant-203,system,LP001806,9,accept,accept,reject,reject,1,0,0,0,1,0,1,0,0,0,1,0
loan,participant-203,system,LP001849,10,reject,reject,accept,reject,1,0,1,1,0,1,1,0,1,0,0,0
loan,participant-140,system,LP002142,1,reject,reject,reject,reject,1,1,1,1,0,0,0,0,1,0,0,0
loan,participant-140,system,LP002181,2,reject,accept,reject,accept,0,1,0,1,0,1,0,1,0,0,0,1
loan,participant-140,system,LP002840,3,reject,reject,accept,accept,1,0,0,0,1,0,1,0,0,0,1,0
loan,participant-140,system,LP001882,4,accept,accept,reject,accept,1,0,1,1,0,1,1,0,1,0,0,0
loan,participant-140,system,LP002534,5,accept,reject,reject,reject,0,0,0,1,0,0,0,0,0,0,0,1
loan,participant-140,system,LP001030,6,accept,reject,accept,reject,0,1,0,1,0,1,0,1,0,0,0,1
loan,participant-140,system,LP001849,7,reject,reject,reject,reject,1,1,1,1,0,0,0,0,1,0,0,0
loan,participant-140,system,LP002068,8,accept,accept,reject,reject,1,0,0,0,1,0,1,0,0,0,1,0
loan,participant-140,system,LP001806,9,accept,accept,reject,reject,1,0,0,0,1,0,1,0,0,0,1,0
loan,participant-140,system,LP001451,10,reject,reject,reject,reject,1,1,1,1,0,0,0,0,1,0,0,0
loan,participant-269,analogy,LP002181,1,reject,reject,accept,reject,1,0,1,1,0,1,1,0,1,0,0,0
loan,participant-269,analogy,LP002068,2,accept,accept,reject,reject,1,0,0,0,1,0,1,0,0,0,1,0
loan,participant-269,analogy,LP001849,3,reject,reject,reject,reject,1,1,1,1,0,0,0,0,1,0,0,0
loan,participant-269,analogy,LP001030,4,accept,accept,accept,accept,1,1,1,1,0,0,0,0,1,0,0,0
loan,participant-269,analogy,LP002534,5,accept,accept,accept,accept,1,1,1,1,0,0,0,0,1,0,0,0
loan,participant-269,analogy,LP001806,6,accept,reject,accept,accept,0,1,1,0,1,0,0,1,1,1,0,0
loan,participant-269,analogy,LP002840,7,reject,accept,accept,accept,0,0,0,1,0,0,0,0,0,0,0,1
loan,participant-269,analogy,LP001882,8,accept,accept,accept,accept,1,1,1,1,0,0,0,0,1,0,0,0
loan,participant-269,analogy,LP001451,9,reject,reject,accept,accept,1,0,0,0,1,0,1,0,0,0,1,0
loan,participant-269,analogy,LP002142,10,reject,accept,accept,accept,0,0,0,1,0,0,0,0,0,0,0,1
loan,participant-275,analogy,LP001849,1,reject,reject,reject,reject,1,1,1,1,0,0,0,0,1,0,0,0
loan,participant-275,analogy,LP001806,2,accept,accept,accept,accept,1,1,1,1,0,0,0,0,1,0,0,0
loan,participant-275,analogy,LP002181,3,reject,accept,accept,accept,0,0,0,1,0,0,0,0,0,0,0,1
loan,participant-275,analogy,LP002068,4,accept,reject,reject,reject,0,0,0,1,0,0,0,0,0,0,0,1
loan,participant-275,analogy,LP001882,5,accept,reject,reject,reject,0,0,0,1,0,0,0,0,0,0,0,1
loan,participant-275,analogy,LP001451,6,reject,reject,reject,reject,1,1,1,1,0,0,0,0,1,0,0,0
loan,participant-275,analogy,LP001030,7,accept,accept,accept,accept,1,1,1,1,0,0,0,0,1,0,0,0
loan,participant-275,analogy,LP002534,8,accept,accept,reject,reject,1,0,0,0,1,0,1,0,0,0,1,0
loan,participant-275,analogy,LP002142,9,reject,reject,reject,reject,1,1,1,1,0,0,0,0,1,0,0,0
loan,participant-275,analogy,LP002840,10,reject,reject,accept,accept,1,0,0,0,1,0,1,0,0,0,1,0
loan,participant-20,accuracy,LP002534,1,accept,reject,accept,reject,0,1,0,1,0,1,0,1,0,0,0,1
loan,participant-20,accuracy,LP002142,2,reject,accept,reject,accept,0,1,0,1,0,1,0,1,0,0,0,1
loan,participant-20,accuracy,LP001806,3,accept,accept,accept,accept,1,1,1,1,0,0,0,0,1,0,0,0
loan,participant-20,accuracy,LP001451,4,reject,reject,reject,reject,1,1,1,1,0,0,0,0,1,0,0,0
loan,participant-20,accuracy,LP002068,5,accept,reject,accept,accept,0,1,1,0,1,0,0,1,1,1,0,0
loan,participant-20,accuracy,LP001030,6,accept,accept,accept,accept,1,1,1,1,0,0,0,0,1,0,0,0
loan,participant-20,accuracy,LP001849,7,reject,reject,reject,reject,1,1,1,1,0,0,0,0,1,0,0,0
loan,participant-20,accuracy,LP002840,8,reject,reject,accept,accept,1,0,0,0,1,0,1,0,0,0,1,0
loan,participant-20,accuracy,LP001882,9,accept,accept,accept,accept,1,1,1,1,0,0,0,0,1,0,0,0
loan,participant-20,accuracy,LP002181,10,reject,reject,accept,accept,1,0,0,0,1,0,1,0,0,0,1,0
loan,participant-91,accuracy,LP002142,1,reject,reject,reject,reject,1,1,1,1,0,0,0,0,1,0,0,0
loan,participant-91,accuracy,LP001451,2,reject,reject,accept,accept,1,0,0,0,1,0,1,0,0,0,1,0
loan,participant-91,accuracy,LP002840,3,reject,reject,accept,accept,1,0,0,0,1,0,1,0,0,0,1,0
loan,participant-91,accuracy,LP002534,4,accept,accept,reject,accept,1,0,1,1,0,1,1,0,1,0,0,0
loan,participant-91,accuracy,LP001882,5,accept,accept,accept,accept,1,1,1,1,0,0,0,0,1,0,0,0
loan,participant-91,accuracy,LP002068,6,accept,reject,reject,reject,0,0,0,1,0,0,0,0,0,0,0,1
loan,participant-91,accuracy,LP001806,7,accept,reject,reject,reject,0,0,0,1,0,0,0,0,0,0,0,1
loan,participant-91,accuracy,LP001030,8,accept,accept,accept,accept,1,1,1,1,0,0,0,0,1,0,0,0
loan,participant-91,accuracy,LP001849,9,reject,accept,accept,accept,0,0,0,1,0,0,0,0,0,0,0,1
loan,participant-91,accuracy,LP002181,10,reject,reject,accept,accept,1,0,0,0,1,0,1,0,0,0,1,0
loan,participant-192,system,LP001451,1,reject,accept,reject,reject,0,1,1,0,1,0,0,1,1,1,0,0
loan,participant-192,system,LP001030,2,accept,accept,accept,accept,1,1,1,1,0,0,0,0,1,0,0,0
loan,participant-192,system,LP001882,3,accept,accept,reject,reject,1,0,0,0,1,0,1,0,0,0,1,0
loan,participant-192,system,LP002142,4,reject,reject,reject,reject,1,1,1,1,0,0,0,0,1,0,0,0
loan,participant-192,system,LP002840,5,reject,reject,accept,reject,1,0,1,1,0,1,1,0,1,0,0,0
loan,participant-192,system,LP001849,6,reject,accept,reject,reject,0,1,1,0,1,0,0,1,1,1,0,0
loan,participant-192,system,LP002181,7,reject,reject,reject,reject,1,1,1,1,0,0,0,0,1,0,0,0
loan,participant-192,system,LP002534,8,accept,accept,reject,reject,1,0,0,0,1,0,1,0,0,0,1,0
loan,participant-192,system,LP002068,9,accept,reject,accept,accept,0,1,1,0,1,0,0,1,1,1,0,0
loan,participant-192,system,LP001806,10,accept,accept,accept,accept,1,1,1,1,0,0,0,0,1,0,0,0
loan,participant-216,analogy,LP001030,1,accept,reject,accept,reject,0,1,0,1,0,1,0,1,0,0,0,1
loan,participant-216,analogy,LP002142,2,reject,reject,accept,reject,1,0,1,1,0,1,1,0,1,0,0,0
loan,participant-216,analogy,LP002181,3,reject,reject,accept,accept,1,0,0,0,1,0,1,0,0,0,1,0
loan,participant-216,analogy,LP001451,4,reject,reject,accept,accept,1,0,0,0,1,0,1,0,0,0,1,0
loan,participant-216,analogy,LP002534,5,accept,accept,accept,accept,1,1,1,1,0,0,0,0,1,0,0,0
loan,participant-216,analogy,LP001882,6,accept,reject,accept,reject,0,1,0,1,0,1,0,1,0,0,0,1
loan,participant-216,analogy,LP002840,7,reject,accept,accept,accept,0,0,0,1,0,0,0,0,0,0,0,1
loan,participant-216,analogy,LP001806,8,accept,accept,accept,accept,1,1,1,1,0,0,0,0,1,0,0,0
loan,participant-216,analogy,LP001849,9,reject,reject,reject,reject,1,1,1,1,0,0,0,0,1,0,0,0
loan,participant-216,analogy,LP002068,10,accept,accept,reject,accept,1,0,1,1,0,1,1,0,1,0,0,0
loan,participant-116,analogy,LP001849,1,reject,reject,reject,reject,1,1,1,1,0,0,0,0,1,0,0,0
loan,participant-116,analogy,LP002181,2,reject,accept,accept,accept,0,0,0,1,0,0,0,0,0,0,0,1
loan,participant-116,analogy,LP001451,3,reject,reject,accept,accept,1,0,0,0,1,0,1,0,0,0,1,0
loan,participant-116,analogy,LP001030,4,accept,accept,accept,accept,1,1,1,1,0,0,0,0,1,0,0,0
loan,participant-116,analogy,LP002534,5,accept,accept,accept,accept,1,1,1,1,0,0,0,0,1,0,0,0
loan,participant-116,analogy,LP002840,6,reject,reject,accept,accept,1,0,0,0,1,0,1,0,0,0,1,0
loan,participant-116,analogy,LP001882,7,accept,reject,reject,reject,0,0,0,1,0,0,0,0,0,0,0,1
loan,participant-116,analogy,LP002142,8,reject,reject,reject,reject,1,1,1,1,0,0,0,0,1,0,0,0
loan,participant-116,analogy,LP001806,9,accept,accept,accept,accept,1,1,1,1,0,0,0,0,1,0,0,0
loan,participant-116,analogy,LP002068,10,accept,reject,reject,reject,0,0,0,1,0,0,0,0,0,0,0,1
loan,participant-271,system,LP001806,1,accept,accept,accept,accept,1,1,1,1,0,0,0,0,1,0,0,0
loan,participant-271,system,LP001030,2,accept,accept,accept,accept,1,1,1,1,0,0,0,0,1,0,0,0
loan,participant-271,system,LP002534,3,accept,accept,accept,accept,1,1,1,1,0,0,0,0,1,0,0,0
loan,participant-271,system,LP001882,4,accept,accept,accept,accept,1,1,1,1,0,0,0,0,1,0,0,0
loan,participant-271,system,LP002142,5,reject,accept,accept,accept,0,0,0,1,0,0,0,0,0,0,0,1
loan,participant-271,system,LP002181,6,reject,accept,accept,accept,0,0,0,1,0,0,0,0,0,0,0,1
loan,participant-271,system,LP002068,7,accept,accept,accept,accept,1,1,1,1,0,0,0,0,1,0,0,0
loan,participant-271,system,LP001849,8,reject,reject,accept,accept,1,0,0,0,1,0,1,0,0,0,1,0
loan,participant-271,system,LP002840,9,reject,reject,reject,reject,1,1,1,1,0,0,0,0,1,0,0,0
loan,participant-271,system,LP001451,10,reject,accept,accept,accept,0,0,0,1,0,0,0,0,0,0,0,1
loan,participant-274,analogy,LP001030,1,accept,accept,accept,accept,1,1,1,1,0,0,0,0,1,0,0,0
loan,participant-274,analogy,LP002181,2,reject,reject,accept,accept,1,0,0,0,1,0,1,0,0,0,1,0
loan,participant-274,analogy,LP001806,3,accept,accept,reject,accept,1,0,1,1,0,1,1,0,1,0,0,0
loan,participant-274,analogy,LP001451,4,reject,reject,accept,reject,1,0,1,1,0,1,1,0,1,0,0,0
loan,participant-274,analogy,LP002142,5,reject,reject,reject,reject,1,1,1,1,0,0,0,0,1,0,0,0
loan,participant-274,analogy,LP001849,6,reject,reject,reject,reject,1,1,1,1,0,0,0,0,1,0,0,0
loan,participant-274,analogy,LP002068,7,accept,reject,reject,reject,0,0,0,1,0,0,0,0,0,0,0,1
loan,participant-274,analogy,LP001882,8,accept,reject,reject,reject,0,0,0,1,0,0,0,0,0,0,0,1
loan,participant-274,analogy,LP002534,9,accept,accept,reject,accept,1,0,1,1,0,1,1,0,1,0,0,0
loan,participant-274,analogy,LP002840,10,reject,accept,accept,accept,0,0,0,1,0,0,0,0,0,0,0,1
loan,participant-186,analogy,LP002534,1,accept,reject,reject,reject,0,0,0,1,0,0,0,0,0,0,0,1
loan,participant-186,analogy,LP002068,2,accept,accept,accept,accept,1,1,1,1,0,0,0,0,1,0,0,0
loan,participant-186,analogy,LP001451,3,reject,accept,accept,accept,0,0,0,1,0,0,0,0,0,0,0,1
loan,participant-186,analogy,LP001849,4,reject,accept,reject,accept,0,1,0,1,0,1,0,1,0,0,0,1
loan,participant-186,analogy,LP002181,5,reject,reject,accept,reject,1,0,1,1,0,1,1,0,1,0,0,0
loan,participant-186,analogy,LP001030,6,accept,accept,accept,accept,1,1,1,1,0,0,0,0,1,0,0,0
loan,participant-186,analogy,LP002142,7,reject,reject,accept,reject,1,0,1,1,0,1,1,0,1,0,0,0
loan,participant-186,analogy,LP001882,8,accept,accept,reject,accept,1,0,1,1,0,1,1,0,1,0,0,0
loan,participant-186,analogy,LP001806,9,accept,accept,accept,accept,1,1,1,1,0,0,0,0,1,0,0,0
loan,participant-186,analogy,LP002840,10,reject,reject,accept,reject,1,0,1,1,0,1,1,0,1,0,0,0
loan,participant-174,accuracy,LP001451,1,reject,accept,accept,accept,0,0,0,1,0,0,0,0,0,0,0,1
loan,participant-174,accuracy,LP002068,2,accept,accept,reject,accept,1,0,1,1,0,1,1,0,1,0,0,0
loan,participant-174,accuracy,LP002181,3,reject,reject,accept,reject,1,0,1,1,0,1,1,0,1,0,0,0
loan,participant-174,accuracy,LP002534,4,accept,accept,accept,accept,1,1,1,1,0,0,0,0,1,0,0,0
loan,participant-174,accuracy,LP002840,5,reject,accept,accept,accept,0,0,0,1,0,0,0,0,0,0,0,1
loan,participant-174,accuracy,LP001806,6,accept,accept,accept,accept,1,1,1,1,0,0,0,0,1,0,0,0
loan,participant-174,accuracy,LP001030,7,accept,accept,accept,accept,1,1,1,1,0,0,0,0,1,0,0,0
loan,participant-174,accuracy,LP001849,8,reject,reject,reject,reject,1,1,1,1,0,0,0,0,1,0,0,0
loan,participant-174,accuracy,LP002142,9,reject,reject,reject,reject,1,1,1,1,0,0,0,0,1,0,0,0
loan,participant-174,accuracy,LP001882,10,accept,reject,reject,reject,0,0,0,1,0,0,0,0,0,0,0,1
loan,participant-270,analogy,LP001849,1,reject,reject,accept,reject,1,0,1,1,0,1,1,0,1,0,0,0
loan,participant-270,analogy,LP002181,2,reject,reject,accept,accept,1,0,0,0,1,0,1,0,0,0,1,0
loan,participant-270,analogy,LP002142,3,reject,reject,reject,reject,1,1,1,1,0,0,0,0,1,0,0,0
loan,participant-270,analogy,LP001882,4,accept,accept,reject,accept,1,0,1,1,0,1,1,0,1,0,0,0
loan,participant-270,analogy,LP001806,5,accept,accept,accept,accept,1,1,1,1,0,0,0,0,1,0,0,0
loan,participant-270,analogy,LP001451,6,reject,accept,accept,accept,0,0,0,1,0,0,0,0,0,0,0,1
loan,participant-270,analogy,LP002840,7,reject,accept,accept,accept,0,0,0,1,0,0,0,0,0,0,0,1
loan,participant-270,analogy,LP002068,8,accept,reject,reject,reject,0,0,0,1,0,0,0,0,0,0,0,1
loan,participant-270,analogy,LP001030,9,accept,accept,accept,accept,1,1,1,1,0,0,0,0,1,0,0,0
loan,participant-270,analogy,LP002534,10,accept,accept,accept,accept,1,1,1,1,0,0,0,0,1,0,0,0
loan,participant-191,analogy,LP002142,1,reject,accept,reject,reject,0,1,1,0,1,0,0,1,1,1,0,0
loan,participant-191,analogy,LP001882,2,accept,accept,accept,reject,1,1,0,0,1,1,0,0,0,0,1,0
loan,participant-191,analogy,LP002840,3,reject,accept,accept,reject,0,0,1,0,1,1,0,0,1,1,0,0
loan,participant-191,analogy,LP001451,4,reject,reject,accept,reject,1,0,1,1,0,1,1,0,1,0,0,0
loan,participant-191,analogy,LP001806,5,accept,accept,reject,accept,1,0,1,1,0,1,1,0,1,0,0,0
loan,participant-191,analogy,LP001849,6,reject,reject,reject,accept,1,1,0,0,1,1,0,0,0,0,1,0
loan,participant-191,analogy,LP002534,7,accept,reject,accept,reject,0,1,0,1,0,1,0,1,0,0,0,1
loan,participant-191,analogy,LP002068,8,accept,accept,reject,accept,1,0,1,1,0,1,1,0,1,0,0,0
loan,participant-191,analogy,LP001030,9,accept,accept,reject,accept,1,0,1,1,0,1,1,0,1,0,0,0
loan,participant-191,analogy,LP002181,10,reject,reject,accept,accept,1,0,0,0,1,0,1,0,0,0,1,0
loan,participant-71,accuracy,LP002534,1,accept,accept,accept,accept,1,1,1,1,0,0,0,0,1,0,0,0
loan,participant-71,accuracy,LP002142,2,reject,reject,reject,reject,1,1,1,1,0,0,0,0,1,0,0,0
loan,participant-71,accuracy,LP001849,3,reject,accept,reject,accept,0,1,0,1,0,1,0,1,0,0,0,1
loan,participant-71,accuracy,LP002068,4,accept,accept,reject,accept,1,0,1,1,0,1,1,0,1,0,0,0
loan,participant-71,accuracy,LP001451,5,reject,reject,accept,reject,1,0,1,1,0,1,1,0,1,0,0,0
loan,participant-71,accuracy,LP002840,6,reject,reject,accept,reject,1,0,1,1,0,1,1,0,1,0,0,0
loan,participant-71,accuracy,LP002181,7,reject,reject,accept,accept,1,0,0,0,1,0,1,0,0,0,1,0
loan,participant-71,accuracy,LP001882,8,accept,reject,reject,reject,0,0,0,1,0,0,0,0,0,0,0,1
loan,participant-71,accuracy,LP001806,9,accept,reject,reject,reject,0,0,0,1,0,0,0,0,0,0,0,1
loan,participant-71,accuracy,LP001030,10,accept,accept,accept,accept,1,1,1,1,0,0,0,0,1,0,0,0
loan,participant-122,accuracy,LP002181,1,reject,reject,reject,reject,1,1,1,1,0,0,0,0,1,0,0,0
loan,participant-122,accuracy,LP001451,2,reject,accept,reject,accept,0,1,0,1,0,1,0,1,0,0,0,1
loan,participant-122,accuracy,LP001030,3,accept,accept,accept,accept,1,1,1,1,0,0,0,0,1,0,0,0
loan,participant-122,accuracy,LP002840,4,reject,accept,accept,accept,0,0,0,1,0,0,0,0,0,0,0,1
loan,participant-122,accuracy,LP001882,5,accept,accept,reject,reject,1,0,0,0,1,0,1,0,0,0,1,0
loan,participant-122,accuracy,LP001849,6,reject,reject,reject,reject,1,1,1,1,0,0,0,0,1,0,0,0
loan,participant-122,accuracy,LP001806,7,accept,accept,accept,accept,1,1,1,1,0,0,0,0,1,0,0,0
loan,participant-122,accuracy,LP002534,8,accept,reject,accept,accept,0,1,1,0,1,0,0,1,1,1,0,0
loan,participant-122,accuracy,LP002068,9,accept,accept,accept,accept,1,1,1,1,0,0,0,0,1,0,0,0
loan,participant-122,accuracy,LP002142,10,reject,reject,accept,accept,1,0,0,0,1,0,1,0,0,0,1,0
loan,participant-150,analogy,LP002534,1,accept,reject,accept,reject,0,1,0,1,0,1,0,1,0,0,0,1
loan,participant-150,analogy,LP002840,2,reject,reject,accept,accept,1,0,0,0,1,0,1,0,0,0,1,0
loan,participant-150,analogy,LP002181,3,reject,reject,accept,accept,1,0,0,0,1,0,1,0,0,0,1,0
loan,participant-150,analogy,LP002142,4,reject,accept,reject,reject,0,1,1,0,1,0,0,1,1,1,0,0
loan,participant-150,analogy,LP001451,5,reject,accept,reject,accept,0,1,0,1,0,1,0,1,0,0,0,1
loan,participant-150,analogy,LP001030,6,accept,accept,accept,accept,1,1,1,1,0,0,0,0,1,0,0,0
loan,participant-150,analogy,LP001806,7,accept,accept,accept,accept,1,1,1,1,0,0,0,0,1,0,0,0
loan,participant-150,analogy,LP001882,8,accept,accept,reject,reject,1,0,0,0,1,0,1,0,0,0,1,0
loan,participant-150,analogy,LP001849,9,reject,reject,accept,reject,1,0,1,1,0,1,1,0,1,0,0,0
loan,participant-150,analogy,LP002068,10,accept,accept,accept,accept,1,1,1,1,0,0,0,0,1,0,0,0
loan,participant-281,analogy,LP001806,1,accept,reject,accept,reject,0,1,0,1,0,1,0,1,0,0,0,1
loan,participant-281,analogy,LP001882,2,accept,accept,accept,accept,1,1,1,1,0,0,0,0,1,0,0,0
loan,participant-281,analogy,LP001849,3,reject,reject,accept,accept,1,0,0,0,1,0,1,0,0,0,1,0
loan,participant-281,analogy,LP001451,4,reject,accept,accept,accept,0,0,0,1,0,0,0,0,0,0,0,1
loan,participant-281,analogy,LP001030,5,accept,accept,reject,reject,1,0,0,0,1,0,1,0,0,0,1,0
loan,participant-281,analogy,LP002840,6,reject,reject,accept,accept,1,0,0,0,1,0,1,0,0,0,1,0
loan,participant-281,analogy,LP002534,7,accept,accept,reject,reject,1,0,0,0,1,0,1,0,0,0,1,0
loan,participant-281,analogy,LP002181,8,reject,reject,accept,accept,1,0,0,0,1,0,1,0,0,0,1,0
loan,participant-281,analogy,LP002068,9,accept,reject,reject,reject,0,0,0,1,0,0,0,0,0,0,0,1
loan,participant-281,analogy,LP002142,10,reject,reject,reject,reject,1,1,1,1,0,0,0,0,1,0,0,0
loan,participant-114,analogy,LP002068,1,accept,reject,reject,reject,0,0,0,1,0,0,0,0,0,0,0,1
loan,participant-114,analogy,LP001849,2,reject,reject,reject,reject,1,1,1,1,0,0,0,0,1,0,0,0
loan,participant-114,analogy,LP002142,3,reject,reject,accept,accept,1,0,0,0,1,0,1,0,0,0,1,0
loan,participant-114,analogy,LP002534,4,accept,accept,accept,accept,1,1,1,1,0,0,0,0,1,0,0,0
loan,participant-114,analogy,LP002181,5,reject,reject,accept,accept,1,0,0,0,1,0,1,0,0,0,1,0
loan,participant-114,analogy,LP001882,6,accept,accept,accept,accept,1,1,1,1,0,0,0,0,1,0,0,0
loan,participant-114,analogy,LP001451,7,reject,accept,reject,reject,0,1,1,0,1,0,0,1,1,1,0,0
loan,participant-114,analogy,LP002840,8,reject,reject,accept,accept,1,0,0,0,1,0,1,0,0,0,1,0
loan,participant-114,analogy,LP001030,9,accept,reject,reject,reject,0,0,0,1,0,0,0,0,0,0,0,1
loan,participant-114,analogy,LP001806,10,accept,accept,accept,accept,1,1,1,1,0,0,0,0,1,0,0,0
loan,participant-21,analogy,LP001882,1,accept,accept,accept,accept,1,1,1,1,0,0,0,0,1,0,0,0
loan,participant-21,analogy,LP001849,2,reject,reject,reject,reject,1,1,1,1,0,0,0,0,1,0,0,0
loan,participant-21,analogy,LP001451,3,reject,accept,reject,accept,0,1,0,1,0,1,0,1,0,0,0,1
loan,participant-21,analogy,LP002840,4,reject,reject,accept,accept,1,0,0,0,1,0,1,0,0,0,1,0
loan,participant-21,analogy,LP002181,5,reject,reject,reject,reject,1,1,1,1,0,0,0,0,1,0,0,0
loan,participant-21,analogy,LP002142,6,reject,reject,reject,reject,1,1,1,1,0,0,0,0,1,0,0,0
loan,participant-21,analogy,LP002068,7,accept,accept,reject,reject,1,0,0,0,1,0,1,0,0,0,1,0
loan,participant-21,analogy,LP001806,8,accept,reject,accept,reject,0,1,0,1,0,1,0,1,0,0,0,1
loan,participant-21,analogy,LP001030,9,accept,reject,accept,reject,0,1,0,1,0,1,0,1,0,0,0,1
loan,participant-21,analogy,LP002534,10,accept,accept,reject,accept,1,0,1,1,0,1,1,0,1,0,0,0
loan,participant-2,analogy,LP002181,1,reject,reject,accept,accept,1,0,0,0,1,0,1,0,0,0,1,0
loan,participant-2,analogy,LP002534,2,accept,accept,reject,accept,1,0,1,1,0,1,1,0,1,0,0,0
loan,participant-2,analogy,LP001451,3,reject,reject,reject,reject,1,1,1,1,0,0,0,0,1,0,0,0
loan,participant-2,analogy,LP001030,4,accept,accept,accept,accept,1,1,1,1,0,0,0,0,1,0,0,0
loan,participant-2,analogy,LP002068,5,accept,reject,reject,reject,0,0,0,1,0,0,0,0,0,0,0,1
loan,participant-2,analogy,LP001849,6,reject,reject,reject,reject,1,1,1,1,0,0,0,0,1,0,0,0
loan,participant-2,analogy,LP001882,7,accept,reject,accept,reject,0,1,0,1,0,1,0,1,0,0,0,1
loan,participant-2,analogy,LP001806,8,accept,accept,reject,reject,1,0,0,0,1,0,1,0,0,0,1,0
loan,participant-2,analogy,LP002840,9,reject,accept,accept,accept,0,0,0,1,0,0,0,0,0,0,0,1
loan,participant-2,analogy,LP002142,10,reject,reject,reject,reject,1,1,1,1,0,0,0,0,1,0,0,0
loan,participant-244,analogy,LP001806,1,accept,accept,accept,accept,1,1,1,1,0,0,0,0,1,0,0,0
loan,participant-244,analogy,LP001849,2,reject,reject,reject,reject,1,1,1,1,0,0,0,0,1,0,0,0
loan,participant-244,analogy,LP002840,3,reject,reject,accept,accept,1,0,0,0,1,0,1,0,0,0,1,0
loan,participant-244,analogy,LP002181,4,reject,accept,reject,accept,0,1,0,1,0,1,0,1,0,0,0,1
loan,participant-244,analogy,LP001030,5,accept,accept,accept,accept,1,1,1,1,0,0,0,0,1,0,0,0
loan,participant-244,analogy,LP002142,6,reject,reject,reject,reject,1,1,1,1,0,0,0,0,1,0,0,0
loan,participant-244,analogy,LP002068,7,accept,reject,accept,accept,0,1,1,0,1,0,0,1,1,1,0,0
loan,participant-244,analogy,LP001451,8,reject,accept,accept,accept,0,0,0,1,0,0,0,0,0,0,0,1
loan,participant-244,analogy,LP001882,9,accept,accept,reject,accept,1,0,1,1,0,1,1,0,1,0,0,0
loan,participant-244,analogy,LP002534,10,accept,accept,reject,accept,1,0,1,1,0,1,1,0,1,0,0,0
loan,participant-262,system,LP002181,1,reject,reject,accept,accept,1,0,0,0,1,0,1,0,0,0,1,0
loan,participant-262,system,LP002840,2,reject,accept,accept,accept,0,0,0,1,0,0,0,0,0,0,0,1
loan,participant-262,system,LP002534,3,accept,accept,reject,reject,1,0,0,0,1,0,1,0,0,0,1,0
loan,participant-262,system,LP001882,4,accept,accept,reject,accept,1,0,1,1,0,1,1,0,1,0,0,0
loan,participant-262,system,LP002068,5,accept,accept,reject,reject,1,0,0,0,1,0,1,0,0,0,1,0
loan,participant-262,system,LP001451,6,reject,reject,accept,accept,1,0,0,0,1,0,1,0,0,0,1,0
loan,participant-262,system,LP001849,7,reject,accept,reject,accept,0,1,0,1,0,1,0,1,0,0,0,1
loan,participant-262,system,LP001806,8,accept,accept,reject,accept,1,0,1,1,0,1,1,0,1,0,0,0
loan,participant-262,system,LP002142,9,reject,reject,reject,reject,1,1,1,1,0,0,0,0,1,0,0,0
loan,participant-262,system,LP001030,10,accept,reject,accept,accept,0,1,1,0,1,0,0,1,1,1,0,0
loan,participant-103,accuracy,LP002142,1,reject,accept,reject,accept,0,1,0,1,0,1,0,1,0,0,0,1
loan,participant-103,accuracy,LP002534,2,accept,accept,reject,accept,1,0,1,1,0,1,1,0,1,0,0,0
loan,participant-103,accuracy,LP001806,3,accept,accept,accept,accept,1,1,1,1,0,0,0,0,1,0,0,0
loan,participant-103,accuracy,LP001451,4,reject,reject,accept,reject,1,0,1,1,0,1,1,0,1,0,0,0
loan,participant-103,accuracy,LP002840,5,reject,reject,accept,reject,1,0,1,1,0,1,1,0,1,0,0,0
loan,participant-103,accuracy,LP001882,6,accept,reject,reject,reject,0,0,0,1,0,0,0,0,0,0,0,1
loan,participant-103,accuracy,LP001849,7,reject,reject,reject,reject,1,1,1,1,0,0,0,0,1,0,0,0
loan,participant-103,accuracy,LP002181,8,reject,reject,reject,reject,1,1,1,1,0,0,0,0,1,0,0,0
loan,participant-103,accuracy,LP001030,9,accept,reject,accept,reject,0,1,0,1,0,1,0,1,0,0,0,1
loan,participant-103,accuracy,LP002068,10,accept,accept,reject,accept,1,0,1,1,0,1,1,0,1,0,0,0
loan,participant-3,analogy,LP002142,1,reject,accept,reject,accept,0,1,0,1,0,1,0,1,0,0,0,1
loan,participant-3,analogy,LP001030,2,accept,accept,accept,accept,1,1,1,1,0,0,0,0,1,0,0,0
loan,participant-3,analogy,LP002181,3,reject,reject,accept,reject,1,0,1,1,0,1,1,0,1,0,0,0
loan,participant-3,analogy,LP001451,4,reject,accept,accept,accept,0,0,0,1,0,0,0,0,0,0,0,1
loan,participant-3,analogy,LP001882,5,accept,accept,reject,reject,1,0,0,0,1,0,1,0,0,0,1,0
loan,participant-3,analogy,LP001849,6,reject,accept,accept,accept,0,0,0,1,0,0,0,0,0,0,0,1
loan,participant-3,analogy,LP002840,7,reject,reject,accept,accept,1,0,0,0,1,0,1,0,0,0,1,0
loan,participant-3,analogy,LP002068,8,accept,accept,reject,accept,1,0,1,1,0,1,1,0,1,0,0,0
loan,participant-3,analogy,LP002534,9,accept,accept,accept,accept,1,1,1,1,0,0,0,0,1,0,0,0
loan,participant-3,analogy,LP001806,10,accept,accept,reject,reject,1,0,0,0,1,0,1,0,0,0,1,0
loan,participant-142,accuracy,LP001849,1,reject,accept,accept,accept,0,0,0,1,0,0,0,0,0,0,0,1
loan,participant-142,accuracy,LP002840,2,reject,accept,accept,accept,0,0,0,1,0,0,0,0,0,0,0,1
loan,participant-142,accuracy,LP002181,3,reject,accept,reject,accept,0,1,0,1,0,1,0,1,0,0,0,1
loan,participant-142,accuracy,LP001882,4,accept,accept,accept,accept,1,1,1,1,0,0,0,0,1,0,0,0
loan,participant-142,accuracy,LP001806,5,accept,accept,reject,accept,1,0,1,1,0,1,1,0,1,0,0,0
loan,participant-142,accuracy,LP001451,6,reject,reject,accept,accept,1,0,0,0,1,0,1,0,0,0,1,0
loan,participant-142,accuracy,LP002534,7,accept,accept,accept,accept,1,1,1,1,0,0,0,0,1,0,0,0
loan,participant-142,accuracy,LP001030,8,accept,accept,accept,accept,1,1,1,1,0,0,0,0,1,0,0,0
loan,participant-142,accuracy,LP002068,9,accept,accept,accept,accept,1,1,1,1,0,0,0,0,1,0,0,0
loan,participant-142,accuracy,LP002142,10,reject,reject,accept,reject,1,0,1,1,0,1,1,0,1,0,0,0
loan,participant-24,system,LP002534,1,accept,accept,accept,accept,1,1,1,1,0,0,0,0,1,0,0,0
loan,participant-24,system,LP002181,2,reject,reject,reject,reject,1,1,1,1,0,0,0,0,1,0,0,0
loan,participant-24,system,LP001882,3,accept,accept,accept,accept,1,1,1,1,0,0,0,0,1,0,0,0
loan,participant-24,system,LP001030,4,accept,accept,accept,accept,1,1,1,1,0,0,0,0,1,0,0,0
loan,participant-24,system,LP001806,5,accept,reject,accept,accept,0,1,1,0,1,0,0,1,1,1,0,0
loan,participant-24,system,LP001849,6,reject,accept,reject,accept,0,1,0,1,0,1,0,1,0,0,0,1
loan,participant-24,system,LP002840,7,reject,reject,accept,accept,1,0,0,0,1,0,1,0,0,0,1,0
loan,participant-24,system,LP001451,8,reject,reject,accept,accept,1,0,0,0,1,0,1,0,0,0,1,0
loan,participant-24,system,LP002068,9,accept,accept,reject,reject,1,0,0,0,1,0,1,0,0,0,1,0
loan,participant-24,system,LP002142,10,reject,accept,accept,accept,0,0,0,1,0,0,0,0,0,0,0,1
loan,participant-237,accuracy,LP002142,1,reject,reject,accept,reject,1,0,1,1,0,1,1,0,1,0,0,0
loan,participant-237,accuracy,LP001882,2,accept,reject,reject,reject,0,0,0,1,0,0,0,0,0,0,0,1
loan,participant-237,accuracy,LP001806,3,accept,accept,accept,accept,1,1,1,1,0,0,0,0,1,0,0,0
loan,participant-237,accuracy,LP002181,4,reject,accept,accept,accept,0,0,0,1,0,0,0,0,0,0,0,1
loan,participant-237,accuracy,LP001030,5,accept,accept,accept,accept,1,1,1,1,0,0,0,0,1,0,0,0
loan,participant-237,accuracy,LP002068,6,accept,reject,reject,reject,0,0,0,1,0,0,0,0,0,0,0,1
loan,participant-237,accuracy,LP001451,7,reject,reject,accept,accept,1,0,0,0,1,0,1,0,0,0,1,0
loan,participant-237,accuracy,LP001849,8,reject,reject,reject,reject,1,1,1,1,0,0,0,0,1,0,0,0
loan,participant-237,accuracy,LP002534,9,accept,accept,reject,reject,1,0,0,0,1,0,1,0,0,0,1,0
loan,participant-237,accuracy,LP002840,10,reject,reject,accept,accept,1,0,0,0,1,0,1,0,0,0,1,0
loan,participant-115,analogy,LP001849,1,reject,accept,reject,accept,0,1,0,1,0,1,0,1,0,0,0,1
loan,participant-115,analogy,LP002068,2,accept,reject,reject,reject,0,0,0,1,0,0,0,0,0,0,0,1
loan,participant-115,analogy,LP001030,3,accept,accept,accept,accept,1,1,1,1,0,0,0,0,1,0,0,0
loan,participant-115,analogy,LP002534,4,accept,accept,reject,reject,1,0,0,0,1,0,1,0,0,0,1,0
loan,participant-115,analogy,LP002840,5,reject,reject,accept,accept,1,0,0,0,1,0,1,0,0,0,1,0
loan,participant-115,analogy,LP001451,6,reject,accept,accept,accept,0,0,0,1,0,0,0,0,0,0,0,1
loan,participant-115,analogy,LP002181,7,reject,reject,reject,reject,1,1,1,1,0,0,0,0,1,0,0,0
loan,participant-115,analogy,LP001882,8,accept,accept,reject,reject,1,0,0,0,1,0,1,0,0,0,1,0
loan,participant-115,analogy,LP001806,9,accept,accept,accept,accept,1,1,1,1,0,0,0,0,1,0,0,0
loan,participant-115,analogy,LP002142,10,reject,reject,accept,accept,1,0,0,0,1,0,1,0,0,0,1,0
loan,participant-205,accuracy,LP002181,1,reject,reject,accept,reject,1,0,1,1,0,1,1,0,1,0,0,0
loan,participant-205,accuracy,LP001849,2,reject,accept,reject,reject,0,1,1,0,1,0,0,1,1,1,0,0
loan,participant-205,accuracy,LP002840,3,reject,reject,accept,accept,1,0,0,0,1,0,1,0,0,0,1,0
loan,participant-205,accuracy,LP002142,4,reject,reject,accept,accept,1,0,0,0,1,0,1,0,0,0,1,0
loan,participant-205,accuracy,LP002068,5,accept,accept,reject,reject,1,0,0,0,1,0,1,0,0,0,1,0
loan,participant-205,accuracy,LP001882,6,accept,reject,accept,reject,0,1,0,1,0,1,0,1,0,0,0,1
loan,participant-205,accuracy,LP001451,7,reject,accept,accept,accept,0,0,0,1,0,0,0,0,0,0,0,1
loan,participant-205,accuracy,LP001806,8,accept,accept,reject,accept,1,0,1,1,0,1,1,0,1,0,0,0
loan,participant-205,accuracy,LP001030,9,accept,accept,accept,accept,1,1,1,1,0,0,0,0,1,0,0,0
loan,participant-205,accuracy,LP002534,10,accept,accept,reject,reject,1,0,0,0,1,0,1,0,0,0,1,0
loan,participant-96,accuracy,LP002142,1,reject,reject,accept,reject,1,0,1,1,0,1,1,0,1,0,0,0
loan,participant-96,accuracy,LP002534,2,accept,reject,reject,reject,0,0,0,1,0,0,0,0,0,0,0,1
loan,participant-96,accuracy,LP002181,3,reject,reject,reject,reject,1,1,1,1,0,0,0,0,1,0,0,0
loan,participant-96,accuracy,LP001882,4,accept,reject,accept,reject,0,1,0,1,0,1,0,1,0,0,0,1
loan,participant-96,accuracy,LP002840,5,reject,reject,accept,accept,1,0,0,0,1,0,1,0,0,0,1,0
loan,participant-96,accuracy,LP001849,6,reject,reject,accept,accept,1,0,0,0,1,0,1,0,0,0,1,0
loan,participant-96,accuracy,LP001806,7,accept,accept,reject,accept,1,0,1,1,0,1,1,0,1,0,0,0
loan,participant-96,accuracy,LP001030,8,accept,reject,accept,accept,0,1,1,0,1,0,0,1,1,1,0,0
loan,participant-96,accuracy,LP002068,9,accept,accept,reject,accept,1,0,1,1,0,1,1,0,1,0,0,0
loan,participant-96,accuracy,LP001451,10,reject,reject,accept,accept,1,0,0,0,1,0,1,0,0,0,1,0
loan,participant-110,system,LP001849,1,reject,accept,reject,reject,0,1,1,0,1,0,0,1,1,1,0,0
loan,participant-110,system,LP001030,2,accept,accept,accept,accept,1,1,1,1,0,0,0,0,1,0,0,0
loan,participant-110,system,LP001882,3,accept,reject,reject,reject,0,0,0,1,0,0,0,0,0,0,0,1
loan,participant-110,system,LP001451,4,reject,reject,accept,reject,1,0,1,1,0,1,1,0,1,0,0,0
loan,participant-110,system,LP002534,5,accept,accept,reject,reject,1,0,0,0,1,0,1,0,0,0,1,0
loan,participant-110,system,LP002181,6,reject,accept,accept,accept,0,0,0,1,0,0,0,0,0,0,0,1
loan,participant-110,system,LP002142,7,reject,reject,accept,reject,1,0,1,1,0,1,1,0,1,0,0,0
loan,participant-110,system,LP002840,8,reject,reject,accept,accept,1,0,0,0,1,0,1,0,0,0,1,0
loan,participant-110,system,LP001806,9,accept,accept,accept,accept,1,1,1,1,0,0,0,0,1,0,0,0
loan,participant-110,system,LP002068,10,accept,accept,reject,reject,1,0,0,0,1,0,1,0,0,0,1,0
